id,time,score,city,nickname,gender,content
1034957166,2018-08-12 19:56,4.0,中山,WDT133151123,女性,没有什么特别精彩的部分。
1035018300,2018-08-12 19:55,3.0,宜昌,蜜蜂张敏,女性,我是看巨齿鲨点错了的，可是不能重买，所以……
1035022486,2018-08-12 19:55,4.5,南充,芒果c先生,女性,搞笑一般，但是剧情很好
1035015612,2018-08-12 19:55,3.0,海口,fairy,女性,黄渤的处女座，有些电影画面的拍摄还是挺好看的，剧情也还不错，就是节奏上不够紧凑，我看着总有一种想要快进的感觉，没有达到我的预期。唯一惊喜的是张艺兴的演技还是可以的，个人还是觉得黄渤演别人的片子更好一些。
1035022481,2018-08-12 19:55,4.5,广元,廖文斌,男性,真的很棒，人性，团队，真爱等等。
1035025171,2018-08-12 19:55,4.0,牡丹江,bQC364142339,女性,黄渤第一次导演的影片，可以一看。人性善变的弱点展露无疑。什么是对，什么是错。但终归人之初，性本善战胜了一切。
1035025183,2018-08-12 19:55,3.5,深圳,AQH537242116,女性,结尾和某一部电影或电视太像了
1035018277,2018-08-12 19:55,5.0,深圳,趣多多曲奇饼,女性,执念不要太深...
1035018276,2018-08-12 19:55,5.0,拉萨,QpY529719569,女性,都是戲呀都是戲
1035013926,2018-08-12 19:55,3.0,天津,VOb306478595,女性,展示太多人性的一面
1035025116,2018-08-12 19:55,5.0,海口,Barcelona686,女性,喜欢宝宝 支持他
1035013920,2018-08-12 19:55,3.5,西安,DXb560710526,女性,這出戲請大家好好品品
1035025104,2018-08-12 19:55,5.0,温州,啦啦啦,男性,烂大街是不是
1035025100,2018-08-12 19:55,4.0,兰州,ATg280999521,女性,不错，黄渤有想法
1035015557,2018-08-12 19:55,4.5,昆明,小小瑾xxJ,女性,看完最大的感受就是张艺兴的演技 黑化的小兴演技炸裂 还有这部电影让我看完了张艺兴的所有丑照🤣🤣
1035015556,2018-08-12 19:55,4.5,如皋,刘晓朋254,男性,不错，挺有深度的
1035025091,2018-08-12 19:54,4.0,西安,小梁哥哥哥,男性,春梦还要自己醒来～
1035013913,2018-08-12 19:54,5.0,南川,pCS383618737,女性,影片不错，只是长了一点。
1035022394,2018-08-12 19:54,5.0,武汉,oNT533424300,女性,不错，还想看
1035018255,2018-08-12 19:54,0.5,江阴,婧婧best,女性,编剧太差 演员太做作 王宝强舒淇根本就不会表演 黄渤演得太假
1035001399,2018-08-12 19:54,1.5,长垣,oBy183634984,女性,黄渤拍的处女作电影、远没有他在其他电影中演的精彩，看了很是失望，没有很新鲜的故事情节，说是垃圾片有点不好听，这个真是没有意思
1035022211,2018-08-12 19:54,5.0,北京,Lug89683103,女性,"真不知道那些说无聊不好看的人是怎么想的 
  
  麻烦用心看吧 ！ 

  支持黄渤。
 
  特别有深度的电影 👍"
1035025074,2018-08-12 19:54,3.5,常州,不该a去爱,男性,挺好看的 张艺兴的演技棒棒的
1035015545,2018-08-12 19:54,5.0,成都,潇尧－ZXJ,男性,有深度的电影。
1035013843,2018-08-12 19:54,5.0,漯河,铎幸运,女性,黄渤的第一部自导自演的作品，处女座，很值得观看，影片内容很丰富，片中处处都是笑点但是欢笑的同时又何尝不是体现出了社会的现实和残酷，从趋炎附势，求同存异到团结一致，因为生活在社会残酷的最底层，一瞬间拥有了美好的生活，不用起早贪黑、累死累活的去拼命工作，养家糊口，所以不敢再回到现实世界去直面生活的残酷，幻想着、自私着想要一直存留在小岛，停留在那一刻的美好，到最后被爱化解，被良知唤醒，影片无不是体现了生活的残酷，但是，即使残酷人们也有直面生活和与生活对抗的勇气和信心，值得一看！😄😄
1035013898,2018-08-12 19:54,5.0,东莞,东祺boy,女性,很有深度，，
1035022359,2018-08-12 19:54,3.5,武汉,oLb414733446,女性,黄导拖了渤影帝的后腿……
1035018244,2018-08-12 19:54,5.0,荆门,iQi709522984,女性,非常好看！拍的很现实。
1035025059,2018-08-12 19:54,4.5,太原,LinAmecy,女性,还可以。。。。。。
1035025038,2018-08-12 19:54,3.5,武汉,Kiv635663144,女性,可圈可点，还有进步空间，期待渤哥！
1035025021,2018-08-12 19:54,4.5,遂宁,那就没办法啦,女性,可以，挺好看的。
1035015520,2018-08-12 19:54,5.0,沈阳,XXR868175806,女性,这部片子有笑点的同时还能对任性的解读 十分好评 值得一看
1035022328,2018-08-12 19:54,5.0,诸暨,吴我问问,女性,很不错、内心起伏跌宕又起伏跌宕
1035025009,2018-08-12 19:54,4.0,成都,i张蕃,男性,虽说很好   但不是我的菜
1035013878,2018-08-12 19:54,3.5,张家港,Linaxuno1,女性,极限挑战之小岛三国演义？极限挑战之小岛人类简史？吵得我脑壳疼
1035013763,2018-08-12 19:54,4.5,贵阳,MxT657530930,女性,黄渤诚心之作  突出人性 但画面 特效确实简陋了
1034957155,2018-08-12 19:54,5.0,唐山,大璐啊_,女性,张艺兴演技炸裂啊！黑化的时候超带感，所以说不能欺负老实人啊，剧情还行，笑点挺多，小兴最后选择了遗忘，才是最好的结局吧
1034850809,2018-08-12 19:54,4.5,武汉,小团新谕,女性,女朋友说，这个电影好极了！
1035018204,2018-08-12 19:54,0.5,武汉,yBs291096316,女性,真的很不好看
1035022292,2018-08-12 19:54,4.0,杭州,xfG375898227,女性,还不错，第一次做导演拍的能看，也有让人思考的东西，但不得不说，如果把闲杂的剧情删一下会更好
1035022291,2018-08-12 19:53,5.0,郑州,小苜蓿的童话,女性,"哇看火点不着给我急死了..
炒鸡好看..值得深思..（虽然我思考不出来）
٩😐ི۶٩😐ི۶٩😐ི۶٩😐ི۶"
1035021964,2018-08-12 19:53,5.0,哈尔滨,Gta903733463,男性,啥电影我都给10分。
1033754521,2018-08-12 19:53,3.5,青岛,Chelfish,男性,"黄导处女作格局很大，前边略感无聊，荒岛设定，秩序建立与推翻重建，阶级对抗，人性与欲望。
二刷一遍，多给一星，最后有彩蛋不要走开，是山争哥哥。"
1035015492,2018-08-12 19:53,4.5,杭州,知行合一,男性,黄渤第一部导演的戏，支持。
1033605807,2018-08-12 19:53,4.5,赣州,balsa～～，694,男性,没意思，这个片子真的没啥意思
1035015488,2018-08-12 19:53,4.0,北京,gNF519193541贤,女性,想精彩地做一回导演真不容易，即使对于不差钱不差人以及啥都不差的黄渤也是如此——我能感觉到黄总在电影中一会儿小心翼翼地避开恐怖片，一会儿迫不及待地躲开人伦片的急迫感，博弈再三后还是把主题落在了喜剧片上——皆大欢喜，开心为上。
1035022242,2018-08-12 19:53,5.0,徐州,juanjuan200999,女性,好看！故事情节紧凑，跌宕起伏，在生存面前考验人性！
1035015473,2018-08-12 19:53,5.0,德阳,Tbn936224747,女性,好看好看的很我没买票怎么也能评论呢？
1035022234,2018-08-12 19:53,4.5,上海,Siconhuang,男性,不错！不错！不错！
1035013839,2018-08-12 19:53,5.0,北京,王洛吴,女性,一部有深度的电影！
1033804409,2018-08-12 19:53,5.0,唐山,彭昱畅啊,女性,"以为渤哥电影上映会下雨，祈祷半天不下雨。
艺兴黑化真的是演技炸裂。真的是一出好戏"
1035021908,2018-08-12 19:53,4.5,徐州,良木南栖,女性,题材挺好的，很现实的电影。挺好看的
1035018194,2018-08-12 19:53,4.0,上海,QQzhang158,女性,冲着渤哥去的
1034007365,2018-08-12 19:53,5.0,运城,唯爱兴宝,女性,太棒了 尤其小兴黑化那里 我的妈呀 绝了 真的 小兴演技真的棒到爆炸啊
1035018191,2018-08-12 19:52,5.0,太原,KPu316710298,男性,挺好棒棒哒哈
1035013824,2018-08-12 19:52,5.0,沈阳,小鑫爷12138,男性,毕竟是导演处女座，还是不错的，剧情除了有个地方抻的太长，还算紧凑，情节反转也比较多，演员表演可圈可点，总之算是一部值得观看的电影🎬
1035021858,2018-08-12 19:52,5.0,花都,VlZ741379480,男性,很有深度的一部片，要细心去观看，用心去感受
1035021856,2018-08-12 19:52,4.5,潮州,吴毅帆,女性,不错，很好看的电影
1035013817,2018-08-12 19:52,3.5,北京,mengzihao2014,男性,不能算不好看的一部电影，但是总是觉得铺垫太少剧情转换太快。觉得可能还是黄勃做演员好一些。题材太大了，实在不好把握，时间又不是很够。觉得荒岛求生这个题材能拍的更残酷一些，不应该是这么欢乐的结局。
1035013816,2018-08-12 19:52,4.5,江门,PeT108366364,女性,真的不懂为什么评分这么低。。
1035013813,2018-08-12 19:52,1.0,柳州,名都有人用了,女性,不知所措 ，一点没有意义
1035013812,2018-08-12 19:52,5.0,大连,ddffgsd,女性,喜欢黄渤。很好
1035022162,2018-08-12 19:52,4.0,吴忠,lVg826209438,女性,支持黄渤。。
1034916765,2018-08-12 19:52,5.0,盐城,猫家小洙,女性,渤哥的处女作必须要支持下 影片时间较长 部分情节看的有点疲乏  于和伟老师演技杠杠的 还有小兴最后的黑化也很有看点
1035018153,2018-08-12 19:52,3.5,大连,娘子汉CC姐,女性,这个电影的题材挺新颖的，让我联想到了初中看的名著鲁冰孙漂流记，一个人在荒岛上生活28年。这里让我看到了集体的力量让每个人都有信念的在这里活下去而且很开心。我看到最后整个影片都是在这一个场景，这样都能拍这么多样还是挺佩服黄渤。没想到这里有女神舒淇，非常喜欢。
1035018145,2018-08-12 19:52,3.5,济南,qqqy821111,女性,人类的世界，想法很多，最后还是没有走向邪恶
1035021815,2018-08-12 19:52,4.0,自贡,太子xin,男性,结局还比较暖心，剧情有点拖沓
1035021805,2018-08-12 19:51,5.0,钟祥,迷妹迷Lay,女性,很真实吧，真的很贴切，人性的暴露。
1035013796,2018-08-12 19:51,5.0,鄂尔多斯,视野998,女性,没毛病 666
1035022107,2018-08-12 19:51,5.0,大庆,FANXY,女性,渤哥第一次拍电影，已经很好了，还有，没想到张艺兴演技这么好，比其他小鲜肉强多了啊
1034915749,2018-08-12 19:51,5.0,太原,oFN395975867,女性,一出好戏，发人深思，好看，黄渤好样的
1035018132,2018-08-12 19:51,5.0,海口,丨等一个人咖啡,男性,非常有寓意的电影，真的好看
1035013778,2018-08-12 19:51,4.5,上海,文言雪儿xy,女性,要说最后让我记住的就是艺兴后来的转变，一开始的平淡到后来的争持，剧情一步步上升到一个顶点，热情和团结，利益与诱惑，主角保持初心，收获爱情，最后走出生天，总体来说表达明确，传递的正能量
1035018128,2018-08-12 19:51,5.0,长清区,visor__,女性,评分偏低了 搞笑不失深度的电影
1035018119,2018-08-12 19:51,4.0,孝感,莫须少,女性,拷问人性与现实，社会再现实还是相信爱情！
1035022055,2018-08-12 19:51,1.5,深圳,Demon3815,男性,笑点有，但是玩黑色幽默和人性破坏节奏，黄渤导演不够功力
1035021720,2018-08-12 19:51,0.5,东莞,DJV362108970,男性,思维混乱，节奏简单。
1034940355,2018-08-12 19:51,5.0,广州,dUz559869615,女性,好有含义的一部戏，推荐推荐，笑中带有现实
1035013756,2018-08-12 19:51,5.0,焦作,tJF648697115,女性,好看好看，真好看
1035021698,2018-08-12 19:50,3.0,杭州,峰峰董,女性,不要说含义，哪一部片子又没有主题呢，乏力、乏味，黄渤演技当然好，但支撑不起来。
1035022023,2018-08-12 19:50,4.0,泉州,qHs631896383,女性,还行吧，小成本制作
1035018110,2018-08-12 19:50,5.0,呼和浩特,cHt453326742,男性,当之无愧，一出好戏
1035013750,2018-08-12 19:50,3.5,福州,XrC606186517,男性,节奏太慢，喊口号太多。不过还是有笑点的。
1035013728,2018-08-12 19:50,4.0,张家口,魏大胖儿,女性,一般幽默，荒诞，可怕，人性
1035015389,2018-08-12 19:50,4.5,广州,Happy900102,女性,挺好看，没有白白期待这么久！！！
1035021672,2018-08-12 19:50,5.0,长春,AwH652094856,女性,真的很棒，有泪有笑
1035022001,2018-08-12 19:50,4.5,重庆,BiW193216904,女性,还不错，值得去看
1035019974,2018-08-12 19:50,4.0,大连,c停留心扉d,男性,不只是喜剧 还有在那样一种的情况下的人心 人的本性都展现了出来…
1035013729,2018-08-12 19:50,5.0,深圳,肖斌814,男性,人内心深处还是很真实的
1035015366,2018-08-12 19:50,5.0,北京,oyf507043163,女性,不错，一点也不差
1035015361,2018-08-12 19:50,4.5,大理,Djf256630349,女性,向黄渤导演致敬，导演讲故事的能力不错，影片完全超出我的预期，至少在看完后还能让人深度思考人性的善与恶，思考那诡异而又变化莫测的人性～
1035013721,2018-08-12 19:50,4.5,息县,奈颖,女性,还不错，挺好看的，搞笑
1035021628,2018-08-12 19:50,3.5,乐平,W.L丽,女性,还行。。。。。
1035015355,2018-08-12 19:50,4.5,北京,ZjQ300921931,男性,方便面要涨价了
1035015354,2018-08-12 19:50,3.0,十堰,兵54981,女性,不好看  ，，啊啊啊啊啊啊
1035021611,2018-08-12 19:50,5.0,广州,Idq301783071,男性,可以挺好，看懂了人性的
1035021601,2018-08-12 19:49,5.0,上海,Joey_Gatsby,男性,黄导演很棒！期待下一部作品
1035021598,2018-08-12 19:49,4.5,浦江,gypsophila559,女性,电影制作也还可以 总体还是不错哒！可惜不是我喜欢的类型...
1035021584,2018-08-12 19:49,5.0,沈阳,韩奉霖先生,女性,很有感触的一部电影，引人深思
1035015330,2018-08-12 19:49,3.5,聊城,丁点大的一张帆,女性,感觉特效有点假……
1035021570,2018-08-12 19:49,5.0,成都,wVk222757745,女性,人性的电影 巨好看
1034666057,2018-08-12 19:49,4.5,北京,zHB496023124,女性,真的值得一看，剧情超紧凑不拖沓，戏剧张力十足，笑点丰富
1035021561,2018-08-12 19:49,0.5,襄阳,rTh781493879,女性,不好看不看了
1035015324,2018-08-12 19:49,5.0,无锡,geE566158886,女性,有笑点，但是剧情更值得人思考。
1035019890,2018-08-12 19:49,0.5,成都,oQc18681612087,男性,看不懂，太尬
1035019888,2018-08-12 19:49,4.5,如皋,沙高烽,男性,人性有的时候真的是经不起试探的
1035021537,2018-08-12 19:49,5.0,福州,格林卟童话,女性,很精彩  有欢笑，也引人深思。就像渤导说的，你看的是善就是善，你看到的是恶就是恶，很值得观看的一部片子。
1035021533,2018-08-12 19:49,5.0,泰安,东易日盛装饰—王,男性,不错，很好看的
1035019869,2018-08-12 19:49,4.5,惠州,WCL801455500,男性,剧情可以，演员演技也很好
1035021511,2018-08-12 19:49,1.0,广州,MWe896414550,女性,不要看，骗钱的！！
1035018026,2018-08-12 19:49,5.0,北京,ZMd938843954,女性,好看，有意思
1035015310,2018-08-12 19:48,0.5,石河子,mfwy22,女性,真的无聊，一点笑点都没有，一群蛮荒人一直打架
1035019779,2018-08-12 19:48,0.5,重庆,_weixin004112160,女性,爆难看，完全把观众当傻子！看了一半就忍不住出来了！完全理解不到票房为什么那么高！都不说浪费钱的事情，完全浪费我时间。
1035019842,2018-08-12 19:48,4.5,包头,Lynn,男性,这部电影应该在八分档，但新人导演能拍的这么好，多给一分不算过。这是一部哲理性极强的电影，里面有很多哲理性的演绎。能说明白的有一个比较出名的，洞穴隐喻，苏格拉底的。还有轮回，薪火相传，社资问题，最重要的是一个金钱观的问题。有意思的是今年暑期档，最有趣的两部影片都在讨论钱的问题。从对钱的执着，觉得有了钱就有了一切。到一切幻灭，生活还需继续，才发现脚踏实地的去解决问题才是真理。最后的救赎式的演绎，也是预料中的。毕竟是一部要过审要票房的电影，太阴郁了大家都不会舒服，也算是文艺对商业的妥协吧。最后墙裂推荐！
1035019840,2018-08-12 19:48,3.0,沧州,HRE513337620,女性,可以，没什么意思
1035019838,2018-08-12 19:48,5.0,长沙,FXL363770898,女性,艺兴爆了，，，感谢，一出好戏我看的很认真
1034940335,2018-08-12 19:48,0.5,营口,我心永恒6437,男性,开始以为是喜剧片，10分钟以后以为是灾难片，20分钟以后以为是爱情片，1小时以后以为是喜剧片，2小时以后觉得应该是伦理片，最后知道是垃圾片，没有一个情节是合理的，可惜了舒淇，唯一一个人设立体的，唯一一个演员够得上及格的，白瞎了这个岛了
1034940342,2018-08-12 19:48,5.0,唐山,hrB556848157,女性,人类社会发展简史
1035018005,2018-08-12 19:48,5.0,北京,HDe460045535,女性,感觉不错，不管经历过什么或者遇到过什么，都不能忘了人的本性👍
1035019799,2018-08-12 19:48,4.5,舟山,林大哥呀.,女性,舒淇是真的女神，即使流落荒岛也不影响她的美丽。最后小兴的黑化是偶然但也是必然。这部电影看似喜剧，但真实的折射了现实社会。很棒!感谢所有演员的付出!!!
1035021451,2018-08-12 19:48,5.0,郑州,晨阳家政,男性,值得一看，非常搞笑
1035019684,2018-08-12 19:48,5.0,泰安,共赢天下490,女性,我是全场唯一一个看了一半就离开的。主要原因是半个小时后，我的火车🚉就要开走了。太棒了，今夜无眠有两个原因，孤岛上的故事一场接着一场，人物在变，场景在变。我们思考，为什么起点是一样的，60天之后每个人都找到自己的角色，而且很可能找到的角色跟过去自己的生活有很多相似的情况。渤哥怎么能追到舒淇？没有来得及看到……，第二个原因是没有买到卧铺，没有买到硬座，只有上车的权利，却没有坐与睡的权利，所以……
1035010989,2018-08-12 19:48,4.0,西安,乌鸦少年1986,女性,主要是对人性的把握比较深刻 作为喜剧并不是太残忍
1035019782,2018-08-12 19:48,5.0,西安,Eat逛吃逛吃,女性,首映当天去看的，期待了很久果然值得一看，剧情紧凑。
1035019771,2018-08-12 19:48,3.5,徐州,_qq4h61442278552,女性,勃哥自导自演的电影，总体还是不错的，人生在世，不管在哪，活着最好，有舍才有得，希望剧情还可以在紧凑一些，让结局不会那么唐突。
1035013638,2018-08-12 19:48,0.5,苏州,w1111我,女性,1分都不想，和疯狂的石头差远了，拍的太垃圾
1035013630,2018-08-12 19:47,4.5,深圳,海浪天涯27,男性,"黄渤的导演处女作品
赞"
1035019755,2018-08-12 19:47,4.0,重庆,溜了溜了孖,女性,说实话 就第一遍看 没太看懂
1035010967,2018-08-12 19:47,5.0,锡林郭勒,刘亮789,女性,挺有深意的！
1035021369,2018-08-12 19:47,4.5,贵阳,mSP130883575,女性,不错，周末休闲中一出好戏。大起大落的剧情，搞笑的热点！
1035021370,2018-08-12 19:47,4.5,贵阳,mSP130883575,女性,不错，周末休闲中一出好戏。大起大落的剧情，搞笑的热点！
1035021365,2018-08-12 19:47,5.0,孝感,冯亚元,男性,挺好看的，值得一看
1035021360,2018-08-12 19:47,4.5,成都,Rfk215135589,女性,好看好看好看
1035019719,2018-08-12 19:47,4.0,武汉,箜丿城,女性,观赏者默认好评哦
1035019713,2018-08-12 19:47,5.0,哈尔滨,循规蹈矩11,男性,推荐，来看吧，挺好的！！！
1034940332,2018-08-12 19:47,5.0,富阳,野人cheers,男性,荒岛求生，还行吧
1035019710,2018-08-12 19:47,4.5,监利,怕长胖的伪吃货,女性,描写现实的电影
1035019706,2018-08-12 19:47,3.5,长沙,pMZ867466931,女性,原以为是一部大片，期待了很久，今天观看完后还是有点失望，没有想像中的那么精彩！
1035021337,2018-08-12 19:47,5.0,重庆,行走453,男性,好看，景色漂亮，贴近现实，黄渤处女作一鸣惊人，有意思
1035021308,2018-08-12 19:46,3.5,济南,OsM389965649,男性,一般吧！第一次做导演，不够完美，有空间！
1035019677,2018-08-12 19:46,4.0,芜湖,张丽7,女性,还可以！！！
1035021290,2018-08-12 19:46,1.0,晋中,Fun955504903,女性,期望值太高了。剧情紧的要逼死人，各种无语片段，除了演员演的都卖几之外，看点也贼尴尬
1035019484,2018-08-12 19:46,4.5,武汉,Suki6834,男性,荒诞中揭示人性，导演处女作应该说太用心了，简直就是想费力而不只是想讨好(巧)观众；场景和特效都非常认真，荒岛，破船的造型……电影就是高度文明的人再退回到猴子原始时代的现代寓言，这也足见一个酝酿多年的演而优则导的处女作的良苦『野心』，如果多一些这样的的导演，那么我们的国产電影好看了
1034957118,2018-08-12 19:46,4.5,哈尔滨,VhH848528970,女性,老公看了，说挺好的
1035019631,2018-08-12 19:46,5.0,连云港,WdT328485120,女性,好好好好看啊
1035021253,2018-08-12 19:46,3.5,苏州,Bsb595084603,男性,还好。剧情怎么
1035015201,2018-08-12 19:46,5.0,南京,ATI851365198,女性,真的不错，符合黄渤的性格的电影，黄大大人帅帅情商高智商高。电影没有让我失望，希望黄渤以后能再拍出更好的作品。
1035010907,2018-08-12 19:46,4.0,南京,BXB567926596,女性,黄渤首导还行，有点拖沓。
1035019597,2018-08-12 19:46,4.0,成都,XKt788783437,女性,只是好看，衔接的很好。只是我觉得主题讲的半清不楚。看的我似懂非懂！
1035019586,2018-08-12 19:46,2.5,合肥,GPQ886603604,女性,真的一般，故事冗长，主题不明
1035019579,2018-08-12 19:45,4.5,长春,Wju758768103,女性,相当不错！直击人性！喜欢黄渤！😊😻
1035019577,2018-08-12 19:45,4.5,金华,小仙女呀呀,女性,"给九分多一分怕黄老师骄傲哈哈哈哈 
感觉看完让我觉得 真心是最重要的了 
不要被一些东西迷惑自己的内心很重要
生活中也经常有这种诱惑 金钱 权利 美色
我们应该都不要忘了初心  
不要忘了最重要的东西不要干坏事"
1035021226,2018-08-12 19:45,4.0,沈阳,兵临城下7822,男性,我特别喜欢黄勃，宝强！！！！！！！
1035021211,2018-08-12 19:45,4.0,佛山,akE585273781,女性,内涵深刻， 矛盾冲突激烈
1035013554,2018-08-12 19:45,4.5,大连,老林1227,男性,很深刻。。。。。
1035015178,2018-08-12 19:45,4.5,射阳,mya15251078137,男性,"挺好看的一部电影，团结，欲望，人性
……"
1035019522,2018-08-12 19:45,5.0,福州,特别奇怪696,男性,内容意义挺好的
1035019519,2018-08-12 19:45,4.0,成都,XaF177782685,女性,怎么说呢～～不是喜剧→_→
1035010850,2018-08-12 19:45,1.5,内江,Crs530630529,女性,编剧逻辑硬伤，完全的不经推敲，最后他弟疯了，他居然能毫无包袱，愉快的生活，只能说天大地大，编剧最大。
1035019510,2018-08-12 19:45,5.0,宁波,禁满丶,男性,很人性！很好看！
1035021146,2018-08-12 19:45,5.0,郑州,gaojianpeng0,女性,讲的故事不错，简单
1035021145,2018-08-12 19:45,4.0,深圳,奈何41852,男性,第一次拍电影，拍成拍这样很不错了
1035021139,2018-08-12 19:45,5.0,哈尔滨,Gkg201145384,女性,人性到底是什么？
1035021128,2018-08-12 19:45,5.0,丽水,小米绒绒,女性,好看好看好看好看好看好看好看好看好看好看
1035019497,2018-08-12 19:45,4.0,上海,lovwxc,男性,"1.刚开始以为是灾难片，过几分钟才是一出好戏。说明后期在特效方面还是下过功夫的。

2.一个人的认知决定了他的世界观，也决定了他的行为。

3.有人的地方就有江湖，并且根据不同的认知形成不同的派系。

4.社会团体靠大部分的共同认知维持，原有的社会团体瓦解时，认知也跟着瓦解。就像赫拉利所说的社会是由一个个故事构成的。

5.占有的资源与话语权是成正比的。

6.其实讲的最多的还是政治社会学与社会经济学，可惜对这两门学科都没有深入了解过。

7.知识很重要！知识很重要！知识很重要！

8.虽然算不上一部好电影，但却是一部走心的电影。比那种卖情怀的恶心电影好得多。

以上。"
1035010841,2018-08-12 19:45,5.0,永康,HHO236416509,女性,超级好看好看
1035010839,2018-08-12 19:45,5.0,吕梁,凉了时光的心,男性,还是一个蛮能回味的片子！
1035019439,2018-08-12 19:45,0.5,长沙,qidanren03,女性,太失望了。。
1035019481,2018-08-12 19:44,4.0,武汉,粉红粉红pig,女性,人生如戏 戏如人生
1035019475,2018-08-12 19:44,5.0,曲靖,歆儿走你,女性,电影里扑克牌和各类人群的讽刺
1035021104,2018-08-12 19:44,3.5,北京,abk696267601,女性,此人很懒，什么都没有写
1035013516,2018-08-12 19:44,4.5,德州,lxj_076,女性,黄渤头场导演的作品还是不错的，相比爱情公寓强多了。
1035015138,2018-08-12 19:44,5.0,溧阳,龙疯,女性,现实生存危机，人心暴露无遗！笑点挺多
1035019410,2018-08-12 19:44,5.0,洛阳,kmz692753625,女性,写实人性唉～
1035021045,2018-08-12 19:44,4.5,深圳,gcd574613781,男性,一叶而知‘秋’，小船大世界！
1035021034,2018-08-12 19:44,4.0,唐山,万一依～,女性,还可以，就是时间有点长。
1035015106,2018-08-12 19:43,4.0,吴江,果粒奶优973,女性,还行吧，可以了啦
1035021008,2018-08-12 19:43,4.5,辛集,一尘8483,男性,人性随环境而改变，人的进化远没完成。
1035019370,2018-08-12 19:43,3.0,乌海,ryM147783786,男性,不吹不黑 真的一般般 看的快睡着了 全程就在小岛上太无聊了 六分只是给后半个小时的
1035019359,2018-08-12 19:43,5.0,蒙阴,罗马大帝198,女性,不错，支持黄渤处女作
1035017986,2018-08-12 19:43,5.0,长沙,UuQ536793494,女性,不错很高兴认识你来到这里观看
1035019333,2018-08-12 19:43,5.0,广州,FBK448908776,女性,挺搞笑的，不错
1035016502,2018-08-12 19:43,3.5,天津,弥撒苦娃,男性,6.5，角度太多，掉鱼那场戏完全把故事拉向扁平化，要是能借学科理论在人类认知的模糊地带大做文章，或者大搞阴谋论，都是不俗的选择，但封闭感抛弃的过早，这堂充斥着意识形态、宗教存在、文明发展的社会学公开课也只是有点意思而已，更何况这里面爱情还要分一杯羹，更是灾难啊。黄渤要么是没那么大野心，要么是被创作环境约束，反正我支持他的态度。
1035010780,2018-08-12 19:43,3.5,沈阳,超3091,女性,感悟颇深有意义
1035019324,2018-08-12 19:43,4.5,沈阳,Dru123996624,女性,挺好看的！！
1035017955,2018-08-12 19:43,4.5,深圳,钱玲906,女性,好有带入感。人性与社会！看完有一点点难受。
1035017944,2018-08-12 19:43,4.0,上海,SEHUN.SJY,女性,还可以吧，艺兴加油＾０＾~
1035019302,2018-08-12 19:43,5.0,广安,LeeNK1218,女性,值，挺有意义的一部喜剧片，不负众望
1035017921,2018-08-12 19:43,0.5,上海,袁小埃,女性,1分都不想给，太垃级了
1034915701,2018-08-12 19:43,5.0,大连,高翔6456,男性,非常棒，一部冲击心灵的影片，折射出来的是人情冷暖，世间百态
1035013445,2018-08-12 19:42,5.0,哈尔滨,李连帅,女性,挺好的，我明天看
1035017910,2018-08-12 19:42,0.5,诸暨,蕾宝吖,女性,超级讨厌王宝强，所有电影都是一样的感觉，这部更加让人讨厌！以为喜剧片，看了一半，感觉是野外生存历险记。
1035019280,2018-08-12 19:42,5.0,上蔡,iLf675635642,女性,好看，值绝对电影钱٩(๑^o^๑)۶支持渤哥
1035015048,2018-08-12 19:42,3.5,厦门,Rose7780,女性,还好吧！没想的那么好看。
1035017886,2018-08-12 19:42,0.5,武汉,0℃空间,男性,当演员不错，当导演差了很多，看着睡着了。
1035019255,2018-08-12 19:42,3.5,深圳,清风88670,男性,剧情吧，一般般
1035019231,2018-08-12 19:42,5.0,连云港,曌951,男性,很棒哟黄渤导演！
1035015036,2018-08-12 19:42,5.0,佛山,MxH400836326,女性,对得起片名，人性值得深思
1035019219,2018-08-12 19:42,5.0,中山,ghS811187340,女性,好看，有的地方比较浮夸，但黄渤已经很良心了
1035019217,2018-08-12 19:42,3.0,福清,爆米花丶824,男性,还可以！！！
1035017834,2018-08-12 19:42,3.5,深圳,青青子衿,女性,演技在线，剧情及格
1035010723,2018-08-12 19:42,5.0,随州,annie4698,女性,压抑搞笑感动  嗯
1035019208,2018-08-12 19:42,4.5,合肥,骄傲兴妻,女性,好看好看好看
1035017828,2018-08-12 19:42,1.0,武汉,XM蓝,女性,烂片啊 浪费钱
1035019187,2018-08-12 19:41,1.0,深圳,CCU635285302,男性,有点失望，不好看！
1035015016,2018-08-12 19:41,5.0,遂宁,fNw201347647,女性,黄渤没让人失望过
1035015015,2018-08-12 19:41,4.0,东莞,大黑大哥,女性,还好的，也挺好的
1035017793,2018-08-12 19:41,5.0,长沙,Sjn624582634,男性,真的是一出好戏
1035013399,2018-08-12 19:41,5.0,建湖,我就是龙哥呀,男性,还不错的电影
1035013381,2018-08-12 19:41,4.5,上海,Wau491297537,女性,好看又搞笑，
1035010707,2018-08-12 19:41,0.5,忻州,爱夜夜夜夜128,男性,烂到爆了啊啊啊
1033641849,2018-08-12 19:41,5.0,无锡,不会改的名字,女性,我还没看 但一定是10分！！！！
1035010701,2018-08-12 19:41,4.5,兰州,Heroin282,女性,人性不是一成不变的
1035019151,2018-08-12 19:41,5.0,重庆,_qq76n1444213431,女性,我觉得这部电影总体来说很多我都是懂的，前面部分有一点拖沓，铺垫有点长，后半部分非常精彩，演员演技都非常好，值得一看，可以多刷的片子。
1035010691,2018-08-12 19:41,4.0,天津,天津之爱,女性,8分吧，还是欠缺一些
1035013387,2018-08-12 19:41,5.0,海门,Qsm318180865,女性,都说不错，精彩哦，值得推荐，一定要看到最后，有彩蛋哦！
1035007996,2018-08-12 19:41,4.0,宁乡,我们的蓝海,女性,黄长官的电影还可以的！
1035019134,2018-08-12 19:41,4.0,南京,pvn711769600,女性,还不错，看不出来是第一次导的
1034916710,2018-08-12 19:41,5.0,长治,欢欢的精灵球,女性,题材很新颖，就是前半部分有点拖沓，感觉这个电影应该还有很多深层次的东西，我得去搜一搜影评。
1035019119,2018-08-12 19:41,3.5,惠安,sSO913103149,女性,一般般吧，笑点不是特别多
1035019113,2018-08-12 19:41,4.5,涟水,EYZ793107013,女性,抱着期待的心情去看的电影  路上很曲折  电影没有我想得那么好笑  很揪心  讲的都是人性  张艺兴的演技让我觉得蛮惊艳  怎么说 黄渤和艺兴等人眼神戏很加分  总得来说没有让我失望
1035017726,2018-08-12 19:41,4.0,温州,下个城市只剩自己,男性,还可以演技都很好
1035017724,2018-08-12 19:41,0.5,深圳,吃货你发哥,男性,冲着黄渤和王宝强去的，剧情真的很无聊，跟名字“一出好戏”相差甚远。
1035013377,2018-08-12 19:41,3.0,成都,bif620204942,女性,电影好看，就是爆米花套餐不是很好吃
1035019093,2018-08-12 19:41,3.5,江阴,yKC861608650,女性,还行，故事情节反转太多，有点累赘了
1035019090,2018-08-12 19:41,5.0,任丘,魏子棠889,女性,黄渤作为导演来说～拍的相当不错了👍
1035019070,2018-08-12 19:40,3.0,东莞,bfq794746651,女性,不是喜欢类型的电影，不过演员演技都不错。可惜了，黄渤没有把特长发挥
1035017695,2018-08-12 19:40,4.0,乌鲁木齐,十豆103,男性,还不错，有点感人
1035019054,2018-08-12 19:40,4.0,佛山,oPy734893544,女性,人生如戏，戏如人生。一出好戏说的是每一个平凡的人，在人生中其实都有可能成为主角，成为一个好演员，能演一齣成功的好戏。但现实可能不给我们这样的条件，现实中我们往往出演得心有余而力不足，因此我们可能会忽略我们身边他（她）的美好。其实不需要太在乎现实中身边人是否在现实中出演主角，是否在现实中把戏演到最理想化。只要他保持人性的纯真善良真心对你好足矣！
1035010661,2018-08-12 19:40,3.5,广元,Js铠,女性,还好吧😊。
1035013360,2018-08-12 19:40,5.0,枣庄,qqlztong,女性,人性的善与恶，真与假通过影片全都表现出来！幸好结局是美好的！
1035017679,2018-08-12 19:40,3.0,合肥,皓0920,女性,ヾ(●´∇｀●)ﾉ哇～
1035010656,2018-08-12 19:40,4.5,苏州,身上擦香香,女性,一场团建体现人性的弱点，自私，同时也阐述管理的问题，挺不错的，
1035017646,2018-08-12 19:40,5.0,贵阳,小彬哥1987,女性,今年看过最好看的电影，真实666
1035019030,2018-08-12 19:40,5.0,洛阳,hnlyfbj,女性,不仅仅是喜剧！很有寓意，解剖人性！
1035019022,2018-08-12 19:40,4.5,北京,_qqm3z1402621301,女性,小绵羊演技炸裂！
1035019013,2018-08-12 19:40,4.0,厦门,InP200277761,女性,还可以，感觉还少点什么？
1035019012,2018-08-12 19:40,3.5,洛阳,hxz149496117,女性,还行吧，一般般
1035019002,2018-08-12 19:40,4.5,德阳,QgI191720306,女性,剧本有内涵，演员有演技，相当不错！主演都很喜欢！
1035017000,2018-08-12 19:40,5.0,周口,sweet～tien,男性,很好看，剧情很好。
1035016999,2018-08-12 19:40,2.5,新昌,心随音释,男性,没意思………
1035016997,2018-08-12 19:40,5.0,漯河,燕子26108,女性,没看到，但很想看，下次再看。
1035007946,2018-08-12 19:40,5.0,潜江,情缘131421,女性,昨天一上映就迫不急待的去看了，没有让我失望，感觉真的不错，本来是奔着女神舒淇去看的，却被小兴圈了粉，小兴演的真不错，加油💪
1035016993,2018-08-12 19:40,5.0,深圳,庆益,女性,真的很有看点，很喜欢
1035016986,2018-08-12 19:39,5.0,石家庄,Rlz426568622,女性,电影很不错，完全的人性展现
1035013320,2018-08-12 19:39,3.0,蒙自市,HBr275794655,女性,哎 一般般吧，还有爆米花不是很好吃，一言难尽。。。
1035016964,2018-08-12 19:39,3.5,武汉,林Ju9,男性,看完以后觉得很一般，主题不是太清楚，没什么新意很一般吧。
1035010621,2018-08-12 19:39,5.0,宿迁,张武龙520235,女性,电影还不错吧，赤裸裸的人性，还有对现实的不满，也有所体现
1035010614,2018-08-12 19:39,4.5,重庆,VOb168674818,女性,很不错，很现实的讲述了社会的各种法则，也告诫所有人君子爱财 取之有道，不能挑战和触碰法律的底线，关键时刻应该信任身边最值得信任的人，不能被虚幻的假象和不现实的场景迷惑了双眼，实力派演员对人物角色的塑造真的不错，值得看看
1035016955,2018-08-12 19:39,5.0,宿迁,xBX188145869,女性,非常好，收获了很多
1035017526,2018-08-12 19:39,5.0,苏州,mmI64468231,女性,虽然想表达的意思没有形象立体的呈现出来，但在当下这部电影已经很不错了！
1035013295,2018-08-12 19:39,3.5,上海,_qqdkc1351807992,女性,还行吧，蛮好看的
1035007908,2018-08-12 19:39,3.5,深圳,平江碱面最好吃,男性,必须写评论？不写不可以吗？
1035016901,2018-08-12 19:38,5.0,余姚,APPLES蚊子,男性,好好好看看看
1035017513,2018-08-12 19:38,5.0,湘潭,jeV800659150,女性,还不错 有笑点
1035017512,2018-08-12 19:38,4.5,长沙,朱灏874,男性,我觉得蛮不错的，拍出了人性
1035011503,2018-08-12 19:38,2.0,巢湖,花开落341,女性,还不如看荒岛求生
1035017507,2018-08-12 19:38,5.0,睢县,weR594280189,女性,有时，现实很残酷，但人心更难琢磨
1035017475,2018-08-12 19:38,4.5,宿迁,威尔利,男性,值得一看，情节紧凑，将人在灾难面前的情形展现的淋漓尽致
1035016857,2018-08-12 19:38,5.0,商丘,翘首以待。,男性,影帝，可比小鲜肉好多了。
1035017461,2018-08-12 19:38,5.0,郑州,车宝印,女性,可能是年龄大了一点，我看的不是太懂，但是我给你满分，因为黄渤拍个电影也不容易
1035017447,2018-08-12 19:38,4.0,襄阳,淼鑫235,男性,这个电影一般般
1035016842,2018-08-12 19:38,1.5,哈尔滨,MSD739486216,女性,讲真…我没看懂，影片太长，中途都想退场了。这一颗星是肯定演员的演技。
1035016827,2018-08-12 19:38,2.5,天津,袁嘉玮.,女性,"本来想看爱情公寓…结果定错票了…
觉得全程无笑点"
1035017413,2018-08-12 19:37,4.5,南阳,影迷和影迷,男性,果然是一出好戏，作为黄渤的处女作，已经不错了，剧情在意料之外，也只有看了才能懂啊。
1035016798,2018-08-12 19:37,4.0,杭州,ADE589997568,女性,正义，柔情永存！
1035016721,2018-08-12 19:37,4.5,常州,chy涵涵,女性,总的来说还是不错的，题材新颖，张艺兴在里面的演技是最突出的，真的是给人惊喜
1035017376,2018-08-12 19:37,0.5,同安,aag834917327,女性,劇情不連貫處太多了
1035013231,2018-08-12 19:37,5.0,宁波,VYG221954549,女性,还可以，还可以。
1034957072,2018-08-12 19:37,4.5,南充,_qqkw61443848271,女性,我保守的给出9分，这部影片，一定要看彩蛋，看完你要思考，不思考，你品不出味儿来！
1035017258,2018-08-12 19:37,1.5,南京,錒震,女性,很遗憾，感觉很……
1035017330,2018-08-12 19:37,4.0,保定,IeG837230842,男性,看着还可以，算是不错的电影
1035017316,2018-08-12 19:36,5.0,长治,就瞅你你能怎么地,男性,刚开始以为是一部喜剧片，但是看到中间以后，看到的只有人性，一部现实主义的电影，感觉10分都不够
1035017310,2018-08-12 19:36,4.0,兴安盟,SuperYue99,女性,还可以，很有现实意义，建议看
1035016739,2018-08-12 19:36,5.0,成都,like520like520,女性,非常好，支持黄渤
1035016736,2018-08-12 19:36,5.0,济宁,xIy498922754,女性,好看 很有深意的一部电影
1035017295,2018-08-12 19:36,0.5,南京,安娜珍,女性,黄渤的这步电影真是让大众大失所望！
1035016715,2018-08-12 19:36,0.5,台州,十亿少女的梦哈哈,男性,没有想象中那么好
1035017289,2018-08-12 19:36,4.5,北京,永歌,男性,一个社群、一场伟大的社会实验、一出好戏
1035007804,2018-08-12 19:36,4.5,博兴,李可爱嘿嘿,女性,有笑点有内涵，故事波澜起伏、出乎意料又在情理之中，宣扬正能量人心向善的同时反映了每个人内心的自私和黑暗。每个人内心总有一个净土不容侵犯，处事总要有所坚持底线，挺好。
1035016696,2018-08-12 19:36,5.0,深圳,爱浪的半侧光,女性,很好看，在某些地方哪怕你是一坨*只要冻起来那么你就是冰激凌!
1035010481,2018-08-12 19:36,5.0,绍兴,胡庆123456789,男性,黄渤的首部电影不错
1035013199,2018-08-12 19:36,5.0,准格尔旗,tmW804595866,女性,完美，完美，完美，完美完美
1035017252,2018-08-12 19:36,5.0,西安,LrY225046735,女性,人性都暴露出来最后点题感情是真的
1035016636,2018-08-12 19:36,1.5,广州,HenryLei1988,男性,冗长的两个小时，真的不是什么人都可以当导演，黄渤，您还是好好演戏吧，你跟宝强的票房招牌就快砸了，长点心吧
1031223831,2018-08-12 19:36,5.0,株洲,奶酪,女性,已经是二刷了，真是一出好戏，张艺兴演技炸裂，在渤哥的指引下，演技有迅猛进步。笑点频出，意义也深刻，听说是渤哥筹划多年的诚意之作，并没有让我失望，相信会成为8月的票房黑马，期待，三刷再见呀。
1035016683,2018-08-12 19:36,4.5,沈阳,帅的很实惠317,男性,看到了一点姜文的影子。黄渤野心不小啊。
1034915670,2018-08-12 19:36,5.0,昆山,vIF456125883,女性,超级棒，黄勃果然是黄勃
1035016676,2018-08-12 19:36,5.0,费县,Shenyifeia,女性,喜欢喜欢喜欢
1035017219,2018-08-12 19:36,1.0,黔西南,Bzl533375968,女性,不关灯不好看
1035016653,2018-08-12 19:36,5.0,英德,Aif315943959,女性,好看(｡･ω･｡)ﾉ♡😬😬😬😬
1035007771,2018-08-12 19:35,5.0,西安,好记的名字333,女性,演技到位，演员大牌
1035016640,2018-08-12 19:35,5.0,南平,老鱿鱼520,女性,第一次写影评 看了两次 脑子不够用 看完后看了很多解析 才发现 啊原来有这么多的线 首先剧情紧凑 少了一个片段都不行 演员选的都很棒 黄渤 舒淇 这些演员都没话说 都拿捏的很好 最让我惊艳是小兴这个角色 颜值在线 演技在线 诠释的超棒
1035017193,2018-08-12 19:35,4.5,苏州,麻辣鸡鸡,男性,笑过之后是思考。。。。
1035017098,2018-08-12 19:35,5.0,北京,Dr.nie2015,男性,不错的电影，支持黄渤
1035016454,2018-08-12 19:35,5.0,上海,隔壁小王101,男性,真是过瘾，这个小兴跨行转形都很成功，其他不用说戏精都在骨子里，这刺激程度跟三国有一拼
1035016617,2018-08-12 19:35,4.0,青岛,三毛的大哥,男性,3个彩蛋？没见啊，在哪里？
1035017171,2018-08-12 19:35,3.5,宁波,Vdw508981607,女性,还可以吧😄
1035016614,2018-08-12 19:35,5.0,郑州,EXB795235289,女性,一部值得看第多遍的电影！黄渤加油
1035016597,2018-08-12 19:35,5.0,北京,蔡冰洋,男性,剧情不错，张艺兴演技大爆发啊
1035016593,2018-08-12 19:35,3.5,深圳,MmJ226305852,女性,看了一半都是懵逼状态不知道这部影片想表达什么，看完片子才明白意思。笑点没感觉到也没有什么精彩之处，不算是烂片但是真的很一般，还是药神比较好看。舒淇女神演技爆棚，小兴还是好好唱歌吧
1035016589,2018-08-12 19:35,4.5,昆明,我全都相信.,女性,反映人性，黄渤很有才，导得不错。
1035007214,2018-08-12 19:35,2.5,深圳,liulili1023,女性,真的很失望 ，故事太杂了！
1035013151,2018-08-12 19:35,4.5,杭州,RWF383102686,男性,挺好看的一个片子
1035007746,2018-08-12 19:35,3.0,揭阳,QKV335392069,女性,很一般，没什么主题
1035013127,2018-08-12 19:35,0.5,哈尔滨,CTu507090658,女性,没看点  白期待了那么久。黄渤 我对你失望了
1035016557,2018-08-12 19:35,5.0,重庆,木长长子,女性,这个感觉将就嘛
1035016541,2018-08-12 19:35,5.0,无锡,without,女性,最后的纸牌和鱼影射了现实中的人民币和房子，搞笑的背后令人深思。
1035016535,2018-08-12 19:35,4.0,保定,我真的是白又硬呀,女性,还可以吧，不是很好 不是很差
1035016532,2018-08-12 19:35,5.0,白银,FUo923182388,女性,果真是一出好戏，老戏骨的精彩表演，印象深刻
1035017093,2018-08-12 19:35,2.5,银川,Hbh15009678080,女性,我都没去看
1035017091,2018-08-12 19:35,3.5,重庆,ynw384786016,女性,后半部分差点看睡着了。。。
1034957059,2018-08-12 19:34,4.0,天津,XeU814363733,女性,情节过于紧张了
1033662081,2018-08-12 19:34,4.5,济南,KuU365276576,男性,怎么说呢 我小阿giao 觉得吧  整部片子 还不错   反应社会的人性。不忘初心。
1035017085,2018-08-12 19:34,5.0,嵩明县,aVANS蛙趣。,男性,值得去电影院看
1034940269,2018-08-12 19:34,2.0,西宁,ktv258702295,女性,"有点拖沓
我觉得一般"
1035017053,2018-08-12 19:34,4.5,天津,MhK215477576,女性,不错，挺好看，彩蛋也挺有意思的
1035017025,2018-08-12 19:34,5.0,无锡,Lec996975583,男性,想看就立马去看
1035010391,2018-08-12 19:34,0.5,北京,繥欢,女性,无趣的电影，走的套路也一样。
1035004693,2018-08-12 19:34,5.0,新乡,小九妞妞妞,女性,好看超级好看
1033646634,2018-08-12 19:34,5.0,济南,fLH761159162,女性,黄老师的作品从来没有让我失望！
1034957055,2018-08-12 19:34,4.0,珠海,香香嘴2333,男性,电影前面没什么就是矛盾，后面才是其高能的地方，还能看的，感觉作者想要说好多！
1035016410,2018-08-12 19:33,3.0,邛崃,圈养的小熊熊,男性,有点太长了。看到最后一半的人都在看手机了
1035010359,2018-08-12 19:33,5.0,临沂,叫我大哥972,男性,有人的地方就有江湖，虽然与世隔绝，但人的本性决定了“一出好戏”的精彩上演！
1035010354,2018-08-12 19:33,5.0,崇州,dhx996982453,女性,《一出好戏》，确实是人生的一出好戏，一贯的黄渤风格，嬉笑怒骂中，总有人性的底线在回荡。在人生的低谷期，期待着咸鱼翻身的一刻，但美好的愿望往往让人崩溃，于是乎总想采用一些非常手段得到渴望拥有的一切，然而在希望即将得到时，触及人性底线的关键时刻，人的良知又一次唤醒了黄渤的心灵美好，三年历练，终出一部佳作!
1035007676,2018-08-12 19:33,5.0,襄阳,虞明彤勒,男性,刻画人性的两面性很生动。
1035016389,2018-08-12 19:33,5.0,郑州,_qq6v31424765093,女性,最近这段时间影院看的很好的电影了。我个人觉得比药神要好，药神胜在题材，这个题材在国内都是比较少的，很新颖的尝试
1035016388,2018-08-12 19:33,4.5,达州,bFI402686835,女性,真心觉得不错！
1035014958,2018-08-12 19:33,5.0,广州,DZA969843779,女性,老勃，一直如此优秀，曾为让人失望过，爱你！不过阿兴的进步很大，不再是小绵羊罗，厉害厉害👍
1035016381,2018-08-12 19:33,5.0,曲靖,hy071911,女性,张艺兴帅，演技好
1035014952,2018-08-12 19:33,4.5,昌吉,Lily古,女性,处女作完成得很认真，相信是费心了
1035007663,2018-08-12 19:33,5.0,郑州,SMj818001645,女性,觉得很真实。没有很多夸张的成分。不论如何，生活总是要活下去，现实社会，需要的是勇气
1035016338,2018-08-12 19:33,5.0,襄阳,李胖子巛,女性,看的心里不舒服反正
1035007648,2018-08-12 19:33,4.0,郑州,Sor366661977,女性,还可以，没有西红柿首富好看
1035016328,2018-08-12 19:33,3.5,成都,清欢渡,女性,总的来说还行吧，剧情感觉有些拖拉，但整个人物设计还是很好。
1034940263,2018-08-12 19:33,5.0,深圳,jSK744357417,女性,非常好看～必须安利
1035013042,2018-08-12 19:33,4.5,青岛,我内心情怀,女性,真实现实社会
1035014892,2018-08-12 19:33,3.0,南京,猪猪侠,男性,还可以 一般般
1035007630,2018-08-12 19:32,4.0,濮阳,爱自由无所畏,男性,还可以吧，还行
1035010316,2018-08-12 19:32,3.0,如东,eBp351064637,女性,不错，支持黄勃，王宝强
1035016292,2018-08-12 19:32,5.0,新沂,皮格美,男性,感觉怎么样，很好啊哈哈，真知企业管理宣，真知企业管理专注电商发展，需要入住天猫店铺，开淘宝直播联系我直接百度导航，真知企业管理
1035016283,2018-08-12 19:32,5.0,寿光,zwn753437024,女性,《一出好戏》真是一出好戏，大爱渤哥
1035016271,2018-08-12 19:32,4.0,深圳,iTM868335836,男性,还行个人觉得
1035016266,2018-08-12 19:32,5.0,郑州,VcK959523541,女性,太好看了！！！艺兴为你打call！！！！
1035010303,2018-08-12 19:32,5.0,余姚,HWC780034586,女性,不错！还可以
1035007608,2018-08-12 19:32,5.0,上海,雨坚果,女性,很好看，有人性的解说
1035016242,2018-08-12 19:32,3.5,深圳,Ygl990449477,男性,剧情还可以，搞笑中带有一丝情感。片尾看不懂要表达什么（就男女主角），也省略了其他演员。如果是我做导演，绝对皆大欢喜大家都离开这个岛。每个人又是面对新的开始，这个稍微几分钟把所有人镜头搞定了。
1035014798,2018-08-12 19:32,5.0,泉州,何必装得这么虚伪,男性,不错  很好看
1035016221,2018-08-12 19:32,2.5,北京,litianjiuye,男性,你们对力量一无所知
1035016210,2018-08-12 19:32,4.0,北京,Be_humble,女性,"在荒岛演的一出荒诞喜剧，这134分钟大概就是人类社会进程的缩影吧。武力统治还是市场决定一切，坚持还是背叛、善还是恶、私欲还是团队利益…还是更倾向于主题是人性和人类制度的建立。

不过还是有的地方有点尬，有的演员用力过猛，感情line有点点牵强，女性角色塑造的太弱势了！

惊喜的是张艺兴演的还不错！因工作原因看了他一部还未上映的电影，对他演技印象非常差。这次在《一出好戏》里，从傻傻的跟班到用技术逆袭到黑化，最后又变回“傻”，这几个阶段算是都演出来了，也看到了人物心理的变化。

这个电影的预告片剪的可真是太不好了。"
1034940258,2018-08-12 19:32,5.0,顺德,EmT223438586,女性,看完电影出来，只想说一出好戏没有让我失望，黄渤三年心血没有白费，从电影里我看到了黄渤的真诚，因为电影每一个演员的认真对待，才完成了一部这样好作品，每一个电影参与人员都值得尊敬，这样一部好作品值得好的票房，希望一出好戏票房大卖。加油加油！！！
1035007587,2018-08-12 19:31,5.0,天水,UrK826322063,女性,张艺兴进步好大
1035014740,2018-08-12 19:31,5.0,北京,VQj261143006,女性,还可以吧，就是影院太小，只能坐第一排。
1035014739,2018-08-12 19:31,5.0,嘉祥,尹晨威,女性,巨好，非常好
1035014731,2018-08-12 19:31,5.0,大同,花落了583,女性,挺好看，挺开心
1035010264,2018-08-12 19:31,4.0,镇江,惊鸿sama！,女性,我想知道为什么分到了喜剧片？这是欺骗啊喂！
1035014725,2018-08-12 19:31,5.0,武汉,周小芬534,女性,挺好看的，很搞笑。
1035004987,2018-08-12 19:31,5.0,黄石,xQB966813877,女性,蛮好看的，我觉得
1035014708,2018-08-12 19:31,5.0,龙岩,eMS872933424,女性,还可以 挺好看
1034940252,2018-08-12 19:31,5.0,兰陵,hZQ528878142,女性,黄渤导演的电影以喜剧衬托以人性荒诞为主 让我看到了人的转变 这不止是王根基和马小兴 是整个人类社会 人性本善还是人性本恶 都有道理 其次张艺兴的演技惊艳到我了
1035016125,2018-08-12 19:31,4.0,芜湖,Christy5967,女性,题材特别，很有意义，不论遇到什么困难，必须保持乐观。
1035016124,2018-08-12 19:31,4.0,济宁,吴彦祖本祖,男性,除了前半段有点拖沓，其余都挺好
1035007561,2018-08-12 19:31,2.5,珠海,ezX932935710,男性,既然有手机可以看快手，不会报警么，我服了。。。
1035016110,2018-08-12 19:31,5.0,吉林,jMv787134378,女性,看着，笑着，思考着，感动着，感悟着，回忆着！
1035014681,2018-08-12 19:31,5.0,南通,quH584759351,女性,好看，喜欢，大赞
1035010238,2018-08-12 19:31,1.5,江阴,pushasha19860118,女性,不好看，觉得没啥喜剧性
1034940250,2018-08-12 19:31,5.0,咸阳,ipY873908880,女性,电影很好看！挺搞笑的……彩蛋更搞笑……只可惜最后看彩蛋的只有我们5个人……
1035010234,2018-08-12 19:31,5.0,遂宁,HWt609456003,女性,真的很棒了！值回票价！
1035016089,2018-08-12 19:31,5.0,西安,悯月112,女性,好看，喜欢艺兴！艺兴超赞！黑化后的表现也超赞的，这部电影体现出了太多不同的人，人性的贪婪等都在里面有提现！
1035004956,2018-08-12 19:30,5.0,南京,ZBJ935664362,男性,"简简单单两个字
过瘾"
1034940243,2018-08-12 19:30,0.5,广州,exf741220676,女性,被困无人荒岛，没信号还能看快手小视频？那么有信号又不报警求助？在国内这么多人失踪100多天难道搜救人员发现不到？你一团建活动小船出海难道还被一大浪打出国了？
1035007547,2018-08-12 19:30,3.0,秦皇岛,勿空,男性,这片说真的还真拍的不好lllll
1035014639,2018-08-12 19:30,5.0,利津,爱自由5564,女性,个人觉得电影很棒，故事情节很好，在一个岛上发生的事情其中也反应了人性还有人与人在一起团结才能战胜一切。每个人生下来到死经历的就是一台戏，谁也不知道未来怎么样。每一件事每一个人都有可能会改变一个人。电影里面还有五月天的歌，阿信的歌声最好听。
1035004938,2018-08-12 19:30,4.0,顺德,NVs984255761,女性,演技巨变的张艺兴，自带喜感的王宝强，美丽撩人的苏琪，黄渤负责掌握全局。
1035007529,2018-08-12 19:30,4.0,南京,Tmn963718988,男性,非常不错，剧情和演技都很好，就是杂糅的东西太多了，经济学，社会学，心理学，神学。。。。总体来说还是很好的哈哈哈
1035016050,2018-08-12 19:30,4.5,秦皇岛,nZB53489764,女性,故事情节真的很戏剧性，一直处于一种期待的状态看完这两个多小时。真实的挖掘出人性的好与坏。个人觉得黄渤作为导演，还是比较成功的。叙事清晰，尤其这个片子具有超现实性，观众不容易懂，但是黄渤还是叙述的不错。
1035016046,2018-08-12 19:30,4.5,东莞,z670664607,女性,处女作，值得一看…………
1035014622,2018-08-12 19:30,5.0,西安,C泡沫～,女性,张艺兴演技炸裂
1035016023,2018-08-12 19:30,0.5,重庆,ERZ22411765,男性,烂片 好无聊 难看得要死 ！恶心 都看睡着了
1035016019,2018-08-12 19:30,4.0,南宁,Kenya-Tank,男性,埋的东西太多，结尾收得有点紧
1035010207,2018-08-12 19:30,4.5,宜春,祝志敏224,男性,脑洞大开，非常喜欢
1035007517,2018-08-12 19:30,4.0,济宁,gBS288333233,男性,剧情略微有些扯淡，对人性的心理剖析比较到位
1035016007,2018-08-12 19:30,4.0,杭州,Iris静996,女性,No.624《一出好戏》黄渤/王宝强/张艺兴/舒淇/于和伟/王迅，30人公司团建遇海难流落荒岛，文明社会回到荒蛮，浓缩人类原始、资源占领到精神追求再到考量人性。没想到一群老戏骨中间最好看的戏是张艺兴，王宝强演技也扎实了。感觉2h+太长，再紧凑点节奏感更好，喜欢片头！
1035014584,2018-08-12 19:30,4.0,老河口,Prohibition962,女性,挺好的！！！
1035007511,2018-08-12 19:30,5.0,六安,晴天小狮子,女性,小布鹅的戏真的超棒，本以为会是一部碳酸饮料式的喜剧，没想到出乎意料的黑色幽默，富有深意，超级棒
1035007505,2018-08-12 19:30,5.0,青岛,vIN749476570,女性,超出预期，非常好！
1035014572,2018-08-12 19:30,4.5,汕头,Tnz745331886,女性,人性善恶选择。还是有正义。
1035014530,2018-08-12 19:29,5.0,温县,Hoc254627812,男性,黄渤稳了。不愧是接近一百亿的演员。
1035010191,2018-08-12 19:29,4.0,常州,油头先生,男性,将人性拍的玲离尽致
1035012980,2018-08-12 19:29,5.0,北京,xUh858942194,女性,很好看，就可惜是自己看吧
1035007501,2018-08-12 19:29,5.0,海口,Uvf401180110,女性,很棒的片子，大力支持国产好片！
1035004896,2018-08-12 19:29,5.0,广州,Yeats384,女性,只要是舒淇。
1035006813,2018-08-12 19:29,5.0,南宁,卢348,男性,perfect
1035007492,2018-08-12 19:29,4.0,顺德,qqqiuuu,女性,支持王勃！！
1035010186,2018-08-12 19:29,5.0,深圳,陈胖子的食盒,男性,很好看，黄老板的演技真的很棒。本来以为是喜剧片，其实是一部人性片
1035014534,2018-08-12 19:29,5.0,青岛,sHh996777791,女性,一部执念贯彻全场的电影，黄导演第一次就这么厉害👍，就一个缺点，船是倒着的，我晕这种效果๑_๑。
1035007490,2018-08-12 19:29,4.5,漯河,东乐家的萌四,女性,一出好戏，戏说人生
1035014525,2018-08-12 19:29,3.5,青岛,BNG311524455,男性,比药神有深度，没有西红柿搞笑，还不错吧~
1035010178,2018-08-12 19:29,5.0,成都,汪酱,女性,不错，只是看了之后细思极恐
1035010173,2018-08-12 19:29,5.0,嘉兴,！丹儿！,女性,挺好看就是时间好久呀
1035014510,2018-08-12 19:29,5.0,上海,曹荣295,男性,非常非常喜欢．
1035010157,2018-08-12 19:29,4.0,惠阳,丫丫丫呀…,女性,一般般啦，加油
1035012889,2018-08-12 19:29,5.0,重庆,bhQ622876051,女性,剧情紧凑，而且还算新颖的题材。基本没有尿点。
1033979309,2018-08-12 19:29,5.0,蓬莱,OUe505767196,女性,很好看(｡･ω･｡)ﾉ♡
1035014453,2018-08-12 19:28,5.0,包头,窦翊峰,男性,不错，挺好的，没有失望
1035010143,2018-08-12 19:28,0.5,昌邑,CR丶777,男性,是一出烂戏罢了
1035004855,2018-08-12 19:28,4.5,宁波,oOw617312415,男性,只想到一个词，“渐入佳境”这是对故事情节和讲故事的能力来说的；全部演员都演技在线，可以看出都玩的很high，改变了对宝强的看法，宝强也还是有演技的，珊珊这角色是有点婊吗，还是我直男癌？马进让我有三体主人公逻辑的感觉，本来就是灾难片硬是拍的这么…温馨？不过好像缺少点什么，所谓惊艳吗？给8觉得对不住黄渤啊，黄渤再带1分得了，哈哈哈
1035012836,2018-08-12 19:28,5.0,合肥,我炫我个性,男性,良心制作!好看极了!赞赞赞
1035014403,2018-08-12 19:28,4.0,深圳,好脾气小姐丫丫,女性,一般般，看到后面有点无聊.....
1035012811,2018-08-12 19:28,3.0,重庆,ALD18996017052,男性,太一般了，表演浮夸
1035014397,2018-08-12 19:28,4.0,成都,大雨477,男性,还行，想说的都说了。表演到位。
1035004837,2018-08-12 19:28,3.5,北京,ZcL187780410,女性,七分，先给评分，大概是对三水哥哥期望太高，所以略微有些要求高了，演员演技大部分在线，尤其表扬张艺兴童鞋，特别棒，不过电影结构上略微有些松散，主要是剧情方面承接的并不够优秀，如果是话剧形式可能更出彩，第一次导演电影，也是很好的一次尝试了，黄导急于表现出的东西有点多，期待下一部更成熟的作品，表白三水哥哥
1034469281,2018-08-12 19:28,3.5,沭阳,xu106547752,女性,看完糊里糊涂的
1035010128,2018-08-12 19:28,3.5,武汉,鱼鱼18929,女性,太长了点，如果再精炼一些会更好，没必要非要这样大结局！
1035014368,2018-08-12 19:28,5.0,伊春,Yi.1648,女性,很好，很喜欢看
1035014366,2018-08-12 19:28,4.0,哈尔滨,手心438,男性,谈不上惊喜，谈不上失望，手艺人永远有饭吃。
1035012780,2018-08-12 19:28,4.5,遵义,SHOW888666,男性,揭露了人性最真实的一面
1035012769,2018-08-12 19:27,0.5,襄阳,我就是珂爷啊,女性,"电影怎样不做评价，只能说没有预期的好……
关键彩蛋还没看完就关了是几个意思？襄阳中影天河影城。"
1035004805,2018-08-12 19:27,0.5,南充,vivi6034,女性,有点不好看，超级不好看
1035004796,2018-08-12 19:27,2.5,昆山,Hunk_Gao,男性,也就一般般吧，剧情老套，毫无新意
1035004795,2018-08-12 19:27,5.0,洪湖,Arsenal光风霁月,男性,很有哲理的故事。
1034915625,2018-08-12 19:27,5.0,内江,sHr903858214,女性,我觉得可以 体现了人性的冷暖 人经历得多了以后会变得自己都不认识自己
1035007400,2018-08-12 19:27,5.0,北京,花想容4393,女性,很好看，意外的惊险
1035004792,2018-08-12 19:27,3.0,银川,苏糯清软,女性,电影还可以，但是某些看电影的人一般。
1035004791,2018-08-12 19:27,5.0,威海,cpc4189718583450,女性,整部电影给我的感觉很好，充满了对人性的思考和自我价值的认知。“当屎冻住了就变成冰激凌了，谁也咬不破”，“当冰激凌化了就在也变不回来了”这是我认为比较经典的一部台词。
1034573910,2018-08-12 19:27,4.5,淮安,DEb688136118,女性,故事精彩，喜欢舒淇
1035004782,2018-08-12 19:27,5.0,上海,糖果6976,女性,好看…………
1035014293,2018-08-12 19:27,3.5,广州,LYI611898215,女性,每个演员特色都太突出了显得不协调，王宝强真的很吵，一激动吐字都不清楚，演什么都像他自己，感觉有点审美疲劳了，舒淇原声让人太出戏了，分分钟让人尴尬，整体很不协调，不粉不黑，演技很一般，张艺兴进步很大 剧情也一般
1035014291,2018-08-12 19:27,5.0,大庆,夜色阑珊921,女性,很好看，给黄渤大大的赞👍
1035010097,2018-08-12 19:27,3.0,中山,herbert760,女性,看不明白，悭水悭力之作，有点失望！
1035012700,2018-08-12 19:27,4.0,齐齐哈尔,IAA569878031,女性,反应出了人性本恶
1035014270,2018-08-12 19:27,4.0,达州,韦舀299,男性,电影很好，只是放错了标签，不算是喜剧。整部电影充满人生哲理。张艺兴的黑化演技炸裂。
1035007370,2018-08-12 19:26,5.0,济南,秋心一字捻作灰,女性,其实挺好，真是的人性剖析
1035014248,2018-08-12 19:26,2.0,重庆,C11099,男性,真心不怎么样，，，，，，，
1035007366,2018-08-12 19:26,5.0,海口,llm999999,女性,黄渤的影片真的震撼了我，搞笑中不失内涵，反映了这个世界最丑陋的东西——人心。钱真的会改变一个人。
1035014223,2018-08-12 19:26,4.5,南京,青溪古岸,男性,魔幻现实主义，非常棒！
1035014211,2018-08-12 19:26,1.0,赣州,Pkw528010449,女性,对不起，真的不咋地的单。
1035012650,2018-08-12 19:26,5.0,常德,樱桃青衣少女,女性,很燃，表白张艺兴，表白舒淇，表白黄渤
1035014203,2018-08-12 19:26,3.5,珠海,LynnZ123,女性,黄渤的一出好戏，看到最后，特别佩服能一出戏都只用30多人的导演，特别考剧本功底。网上有些评论说结尾不停反转，但是感觉还好，一直期待能像动物世界给我的感觉，但是还是差强人意。貌似新晋导演都喜欢叙事中加抒情，但是我反而感觉抒情的地方有点太干太天马行空。总之，还是可以看看的~
1035012454,2018-08-12 19:26,5.0,深圳,新88795,男性,我留下来了！
1035012641,2018-08-12 19:26,0.5,佛山,gRX744050924,女性,烂烂烂  真的超级烂  之前那些好评都是假的吧
1035012631,2018-08-12 19:26,4.0,昆明,yj760421,女性,黄渤没说他导演的是一部喜剧吧，电影故事可以，就是叙事有点问题
1035004734,2018-08-12 19:26,4.0,唐山,ixf373239722,女性,很不错，说实话比爱情公寓好
1035014175,2018-08-12 19:26,2.0,襄阳,qjZ438862693,女性,从头尬到尾，全程不合逻辑，浮夸，第一次有看一半就想走的感觉，黄渤还是适合当演员，别当导演了。。。
1035007344,2018-08-12 19:26,3.5,唐山,pDX411574386,女性,感觉还好，挺有寓意
1035012600,2018-08-12 19:26,4.0,太仓,小志,男性,在生存面前，人性显得那么的脆弱不堪，这是一部值得让人深思的电影，虽然压抑，但却值得一看
1035014148,2018-08-12 19:26,2.0,江阴,小木仫,男性,什么东西，莫名其妙
1035004717,2018-08-12 19:25,4.0,武汉,兰奕宝,男性,再增加点笑点就更好了！第一部作品值得鼓励！
1035012559,2018-08-12 19:25,3.5,成都,陈柯屹405,男性,一锅乱炖的鸡汤。有毒成分自己分辨。
1035014114,2018-08-12 19:25,4.5,西安,mmp249753995,女性,应当是八分以上的电影吧，给个九分提提。张艺兴太令人惊喜了，演技吊打其他鲜肉啊，期待他再接再厉。
1035014109,2018-08-12 19:25,5.0,启东,水宇慧,女性,儿子说很好看。
1035004689,2018-08-12 19:25,4.0,仙游县,青山远黛165,女性,一出闹剧，有点意思。
1035014101,2018-08-12 19:25,3.5,鹤山,凌萌纤悉love,女性,还可以吧…但他不是喜剧…看预告还以为是喜剧呢…有些失望
1035010026,2018-08-12 19:25,4.0,承德,名字不重要哈,女性,比较有深度的喜剧片。
1035007302,2018-08-12 19:25,5.0,哈尔滨,男人不壞1990,男性,非常好看，黄渤我的偶像
1035007298,2018-08-12 19:25,5.0,岳阳,ohy728,女性,此影片将人性与金钱展现得淋漓尽致，支持黄渤！
1035012522,2018-08-12 19:25,2.0,永州,goody510491,女性,电影一般般，看到最后没有感觉
1035012502,2018-08-12 19:25,5.0,重庆,fFO167865269,女性,黑化小兴真的演技爆棚！飞扑克那里真的帅到尖叫！
1035012501,2018-08-12 19:25,0.5,西安,gIC255255990,女性,剧情超级烂，不是谁都可以做导演的。
1035007281,2018-08-12 19:25,5.0,德清,ACK664421255,女性,好看，剧情跌宕起伏，故事感人！
1035012495,2018-08-12 19:25,4.0,常熟,_qq74k1404449077,女性,呀呀呀。挺好看的 就是压抑了点 偶尔有笑点
1035007196,2018-08-12 19:25,5.0,广州,ttb888565084,男性,真的非常不错，看过那么多电影，第一次评价电影   完美
1035014058,2018-08-12 19:25,3.5,上海,PsM65710435,女性,没想象中好看，还可以吧
1035002000,2018-08-12 19:25,4.0,深圳,Kcctty,男性,莫名其妙笑点一般
1035014047,2018-08-12 19:25,4.0,靖江,嗯哼！840,男性,发人深思 好看
1035007276,2018-08-12 19:25,2.0,广州,iiw140797022,女性,不好看😔😔😔
1035012471,2018-08-12 19:25,1.5,东莞,Kez937408957,女性,没什么看点！！
1035014035,2018-08-12 19:24,4.0,开封,我是大山啊,女性,情节还蛮新颖的。
1034892995,2018-08-12 19:24,2.5,郴州,SoSo,女性,真不咋滴😔😔😔
1035014031,2018-08-12 19:24,5.0,郑州,鹿先森乄,女性,患难见真情，灾难现人性。
1034996698,2018-08-12 19:24,5.0,温州,UCQ180066,男性,也好看😊的
1035007265,2018-08-12 19:24,5.0,郑州,咦随性,女性,张艺兴演技真好
1034955613,2018-08-12 19:24,4.0,东莞,鱼卡_,女性,确实是一出好戏
1035004646,2018-08-12 19:24,5.0,南京,实验杀手吴江彤,女性,好看 张艺兴演的好好
1035011995,2018-08-12 19:24,5.0,遵义,大不列颠璇,女性,渤哥真的很良心！！
1035011994,2018-08-12 19:24,5.0,海口,先干后梦,男性,不错，这就是人性
1033945027,2018-08-12 19:24,3.0,济宁,xiaminjia,女性,期望值太高，想表达的内容太多，但都没有表达完整，很普通的有些让人失望的一部电影。
1035012412,2018-08-12 19:24,2.5,合肥,练白龍,女性,电影很吵，也没办法剧情需要，但还是有点受不了
1035012402,2018-08-12 19:24,5.0,淮安,文文的美好生活,女性,好看。说是喜剧，但有内涵。舒淇还是那么美。有少女气质。
1035011958,2018-08-12 19:24,5.0,深圳,Jlu376691332,女性,还不错，人性展现的淋漓尽致
1035007234,2018-08-12 19:24,4.0,宁波,LJH179028253,女性,不知道，也许因为心情沉重的去看电影，所以没多大感触吧！
1035012381,2018-08-12 19:24,3.5,昆山,徐肖波686,男性,总体还可以，感觉想表达的东西太多，有点混乱。
1035007230,2018-08-12 19:24,0.5,凤城,fgV621969420,女性,太一般了。没什么意思！
1035012373,2018-08-12 19:24,5.0,成都,屹吃米337,女性,有人性，有梦想，有现实，有爱情，有野外生存，还有社会制度。更有学会数理化走遍天下都不怕。😄确实一出好戏。
1035001953,2018-08-12 19:24,4.5,郴州,SeC602646651,女性,还可以啦 张艺兴进步了！
1035011928,2018-08-12 19:24,4.5,顺德,侣行live,女性,值得一看的电影
1035001946,2018-08-12 19:23,5.0,北京,MPQ902773469,女性,拍的不错，大家有兴可以一看。
1035001941,2018-08-12 19:23,5.0,太仓,七夕迓,男性,黄渤导演的第一部处女座电影，果然没有让我们失望，把人性刻画的很深刻。
1035001934,2018-08-12 19:23,4.0,花都,osers,男性,还可以，就差再深度挖掘，就可以成为神作
1035007202,2018-08-12 19:23,3.5,南宁,qdo676841613,女性,还行，也算不上特别优秀
1035012266,2018-08-12 19:23,4.5,上海,宇之楓鷙,男性,"一出好戏！名副其实！
碰撞点很多，渤哥自不必说，小绵羊也没有偶像包袱，演技比某些偶像到三四十的男女演员不知道高哪里去了！"
1033923198,2018-08-12 19:23,4.5,深圳,只喜欢你的团子啊,女性,比预期的好看一些，不太喜欢开放结局。。。。
1035012297,2018-08-12 19:23,5.0,石嘴山,ElvisFiona,女性,好好看，剧情一波三折，推荐哟
1035004574,2018-08-12 19:23,5.0,海口,一只玫瑰猫,女性,还行吧。。。
1035011813,2018-08-12 19:23,4.5,台州,guagua56,女性,个人很喜欢黄渤，他是一个很棒的演员，睿智、大气、努力，所以支持他的每一部电影。一出好戏故事情节并不复杂，讲的也是人性面临的抉择，面对老天给你的选择，要想清楚自己想成为什么样的人！
1035011800,2018-08-12 19:22,2.5,东莞,梧桐7585,女性,黄渤演技没得说，但做导演还是不够水准，好题材却没有好手法抖出来
1035001892,2018-08-12 19:22,4.0,北京,张欣·X,女性,还不错的，继续努力
1035011795,2018-08-12 19:22,5.0,遵义,nNo323338146,男性,也不知道怎么说。
1035005508,2018-08-12 19:22,4.0,广安,UTt103210180,女性,挺好看的，没让我失望
1034892986,2018-08-12 19:22,5.0,济南,Zao422777386,男性,人性！！！！！！！
1035007177,2018-08-12 19:22,1.0,常州,神得对手,女性,无语，真心不怎么样
1035001885,2018-08-12 19:22,5.0,四会,束负水吉,女性,评分高的都是值得一看的。黄渤的电影没有让我失望。下次看电影还是一个人去看好了。和不懂电影的人去看，真的很扫兴。
1035012226,2018-08-12 19:22,5.0,常德,污女491,女性,好看    喜欢艺兴的超级演艺   没毛病
1034892980,2018-08-12 19:22,5.0,南京,鱼鱼不愚,女性,良心作啊黄渤是真的给力🙈艺兴超棒的真的成长了演技真的不错，舒淇超美😆😆
1035011742,2018-08-12 19:22,5.0,佛山,浮生6721,女性,剧情充满转折，演员演技都在线。张艺兴前后差异太大了！前面呆萌\(//∇//)\的小绵羊，到后面有点变态的腹黑小狐狸。开头十分钟不到就被黄渤亲嘴了，到后面激情四射的兄弟情啊
1035011739,2018-08-12 19:22,3.5,沈阳,MengLLLL,男性,还算及格吧，加油
1034915594,2018-08-12 19:22,5.0,锦州,QZs393857546,女性,有一点不懂吧
1035011730,2018-08-12 19:22,5.0,东莞,FlX910821270,女性,很好看，喜欢张艺兴
1035007141,2018-08-12 19:22,3.5,璧山,口碑外卖,女性,面广，深度不够。
1033273938,2018-08-12 19:21,5.0,廊坊,aNG137219282,女性,这次真的是颠覆了对小鲜肉演技的看法啊，张艺兴最后的黑化真的是太渗人了。真的是值得大家去观看的一部好戏，包含笑点的哲理片！！
1035012146,2018-08-12 19:21,4.5,新乡,宏。坐在路边鼓掌的人,女性,感觉挺好看的！
1034940208,2018-08-12 19:21,5.0,吴江,eDD930761438,女性,好看我就说一遍 哈哈哈
1035011685,2018-08-12 19:21,5.0,吉林,娜时明月0221,女性,真实完美的表现了人性为何物和小人物的悲哀和无奈，好喜欢！！
1035007121,2018-08-12 19:21,4.0,宜昌,luochenchen900,女性,电影有深度但不深刻～
1035011667,2018-08-12 19:21,5.0,深圳,LM960330,女性,非常好的电影，代入感真实，反映了人性的两面
1035012108,2018-08-12 19:21,5.0,崇州,qyP755143160,女性,人之初性本善，性相近习相远，不忘初心，保持善良。
1034940205,2018-08-12 19:21,5.0,上饶,knx339409414,女性,"经典的体裁，细腻的演绎。
不同阶层、不同职业的人到最原始的地方，一切从零开始。
地位的变换、思想的冲突，情节的发展充满着不可知性。
不是动作大片，却在平静之中显得更惊心动魄。
演员的演技无可挑剔，剧本思想深刻，很不错！"
1035012081,2018-08-12 19:21,4.5,青岛,LT2156,女性,人心险恶，人性本善
1035012072,2018-08-12 19:21,3.5,沈阳,xCd207298807,女性,其他情节我都能理解 就是想知道转折点的时候天上是怎么下鱼的？！
1035001827,2018-08-12 19:21,5.0,大理,sSz720933084,男性,真的是一部在笑过后想到很多的佳作！
1035011621,2018-08-12 19:21,0.5,上海,tirimi,女性,就是骗钱的，什么乱七八糟的剧情，可惜了一帮演员，非常差了，看着有黄渤去的，没想到，大失所望
1034892970,2018-08-12 19:21,4.0,上海,_qq8sd1427286610,女性,感觉挺好看的，
1035004469,2018-08-12 19:20,5.0,南京,勿忘我77575,男性,很有深度，好看
1035004466,2018-08-12 19:20,3.5,遵义,nBW695313594,女性,一般吧。。。
1035011585,2018-08-12 19:20,5.0,襄阳,婕尼龟,男性,情节跌宕起伏 让观众心里很纠结
1035011573,2018-08-12 19:20,4.5,沈阳,你若盛開，清風自來,女性,笑中有泪，换位思考一下会如何？
1035001802,2018-08-12 19:20,5.0,泰安,iRt823223238,女性,超级好看！我兴演技很棒哦⊙∀⊙！！！！！
1034915586,2018-08-12 19:20,0.5,北京,安帅帅,男性,这是什么破片子呀？
1035008984,2018-08-12 19:20,4.0,南京,纯净之声,女性,还可以，推荐给大家看！
1035001791,2018-08-12 19:20,4.5,漳州,HYh200275006,女性,真的是一出好戏，绝对值得看！
1035008978,2018-08-12 19:20,5.0,昆山,YGC903588641,女性,不错，很好看。
1035001785,2018-08-12 19:20,5.0,合肥,qyb182321851,女性,值得二刷的电影
1035004447,2018-08-12 19:20,4.0,兰考县,cDx455369214,女性,还不错，张艺兴好评
1035007001,2018-08-12 19:20,5.0,信阳,十一郎654,男性,只有把这肮脏破败的旧船焚毁，才能真正回归人类文明的新世界。《一出好戏》，必将载入史册的一部电影。
1035008951,2018-08-12 19:20,3.5,贵阳,luozhongkao,女性,"没啥好看 
都是冲着 宝宝 黄渤 苏大美女去的 剧组太省钱了 没有放大招"
1034916591,2018-08-12 19:20,5.0,大足区,ZMO889579309,女性,喜欢黄渤，很期待他的第一部作品，没失望，在极度的环境中各种各样的本性毫不掩饰的表现了出来
1034915583,2018-08-12 19:20,5.0,郴州,jMJ237085165,女性,好看好看好看
1035008931,2018-08-12 19:19,4.5,藤县,聂采臣，,女性,正如之前于和伟阐述的孤岛，电影里的这座岛，往大了说它是人类社会制度与道德的进化体，往小了说，它是主人公马进极其复杂的内心世界与现实自我矛盾的结合体。一切的争夺纵横都是孤岛社会与现实社会的相互讽刺，一切的虚妄真实都是本我自我超我的难分难解，社会与我，人与我，我与我，都是一出好戏
1035007039,2018-08-12 19:19,4.5,北京,静水698,男性,the first time  better
1035011478,2018-08-12 19:19,5.0,广州,uUM992128919,男性,很人性，不错
1035008903,2018-08-12 19:19,5.0,清远,wake481,男性,好看好看好看
1035004368,2018-08-12 19:19,4.5,上海,此用户不存在,女性,这部电影反应了许多社会问题，挺有深度，这是一大亮点吧。反正没让我失望。黄渤厉害，点个赞，辛苦了！另外，这次小绵羊演的也还不错😳
1035011452,2018-08-12 19:19,2.5,洛阳,WsD404175654,女性,很想看黄渤的演技，但故事情节没意思，不新颖，不知道是喜剧还是悲剧
1035007024,2018-08-12 19:19,5.0,大同,初魂,女性,真的很好看，很有意思，拍的时候一定很辛苦吧
1035008876,2018-08-12 19:19,5.0,无锡,pch996207388,女性,人性啊，人性啊
1035007020,2018-08-12 19:19,4.5,赤峰,ntR539206695,女性,还不错吧，剧情情节挺丰富的，值得看
1035001734,2018-08-12 19:19,5.0,大连,feather0427,女性,"黑色荒诞，细思极恐
厉害了，渤歌！"
1035008859,2018-08-12 19:19,2.5,太和,冉冉冉冉.,女性,一般般，还行
1035011416,2018-08-12 19:19,1.0,唐山,_weixin912665406,女性,如果不是喜欢于和伟，给2分都是多的，太烂了 全程没笑点 跟西红柿首付比差远了
1035004399,2018-08-12 19:19,4.0,同安,陈柯993,女性,人性的本质，但，全篇有种风水轮流转的感觉，看多了没意思，但作为黄渤处女座，这已经非常好了
1035008855,2018-08-12 19:19,5.0,澄江县,业欣雨,女性,临时不想吃饭订的电影票，剧情不错，期待了好久了，艺兴的演技让我刮目相看，有很大的进步
1035007012,2018-08-12 19:19,5.0,福州,zhaobendandan0,女性,好看。
1035001721,2018-08-12 19:19,3.5,招远,青沐954,女性,和同档期的爱情公寓比起来，肯定完胜，整体效果还好吧，体现了一定的人性，但深度不够，不过在中国这个大ip改编的电影环境下，还是很不错的，特别是张艺兴的成长，让他在一众小鲜肉里脱颖而出。
1035004388,2018-08-12 19:18,4.5,长寿,TIa40586471,女性,除了搞笑，值得深思。
1035008829,2018-08-12 19:18,2.5,大连,HJx382066352,女性,梗太久，才开始看着像迷失桥段，王宝强太做作
1035004387,2018-08-12 19:18,4.5,江门,修罗无忌,男性,人生如一出好戏，最绝境处都要保留人性的一点光芒，憧憬着未来。
1035004381,2018-08-12 19:18,4.0,嘉兴,奋斗CLW,男性,渤哥第一次就能导出这么好的作品，果然没让我们失望，值得一看，一如既往的支持渤哥。
1035001712,2018-08-12 19:18,5.0,义乌,luckysong0324,女性,黄渤的处女导演作品，不错，可以到8.5分左右。整体作品还是反应出了人性丑陋的一面。而舒淇扮演的角色就像影片中的角色一样，是一个天使，从侧面反映出了这个社会很多的现象吧，还是值得的。
1035005640,2018-08-12 19:18,4.0,巢湖,sKw208381848,女性,除了有点点假，其他没毛病
1035011355,2018-08-12 19:18,4.0,南京,默默无雯8393,女性,一般吧，第一次导演
1035008796,2018-08-12 19:18,5.0,长沙,花落无生ol,男性,好片！绝对支持
1035008787,2018-08-12 19:18,5.0,长春,JpS894104307,女性,确实好看，黄渤太赞了，的确是一出好戏，这样的戏的确用不着宣传。
1035004364,2018-08-12 19:18,4.5,胶州,IKE530005968,女性,还行吧，把人性的丑恶表现的淋漓尽致
1031899706,2018-08-12 19:18,4.5,江油,scJ306168106,女性,还行，但可能深度不够。
1035011344,2018-08-12 19:18,5.0,重庆,WoX844401545,女性,5星好评，黄渤首部导演电影真心不错。
1035008782,2018-08-12 19:18,5.0,天津,iON667309452,女性,这剧真的特别好，现在反映人性题材的电影越来越多了，黄渤特别棒，其他演员也特别棒
1034940185,2018-08-12 19:18,4.0,温州,辛德瑞拉没有梦,女性,剧情紧张，一环扣一环，全程无尿点，很好笑也很有深意
1035008770,2018-08-12 19:18,4.0,长沙,15862154895,女性,还行吧，内容也还行
1035008762,2018-08-12 19:18,4.5,上海,peo316428804,男性,不忘初心，方得始终
1035001685,2018-08-12 19:18,0.5,盘锦,vSh917030078,女性,今年看过最无聊的电影！没有之一
1034915570,2018-08-12 19:18,1.5,济宁,虎弟G,男性,期望越大失望越大，一直以为是个巨搞笑的电影。唉
1035011280,2018-08-12 19:17,0.5,湘潭,cvM552012193,女性,黄渤真的不是个好导演……剧情拖沓，喜剧拍的不伦不类，没有笑点……烂片……当观众是傻子
1035004336,2018-08-12 19:17,5.0,成都,周立业135,女性,黄渤出品，必是精品。
1035001666,2018-08-12 19:17,5.0,沭阳,Tsundereka.,女性,活着的力量不是来自于叫喊，也不是来自于进攻，而是忍受，去忍受生命赋予人们的责任。”忍受，忍受生活赋予的快乐和痛苦、幸福和不幸、悲伤和高兴以及兴奋和无奈等等……哪怕生命里难得的温情将被一次次死亡撕扯得粉碎，也要坚强的忍受。
1035008716,2018-08-12 19:17,5.0,中山,zoc315480023,男性,还可以一般般
1035011258,2018-08-12 19:17,4.0,宁波,EvelynSensei,女性,"不是商业片，更偏向剧情片
前半部分有点歇斯底里，艺兴黑化的部分很有看点，个人觉得是电影最棒的部分。
讲了一个很大的故事，一个浓缩的社会，用荒诞代替了力度。剧情的完整度和过渡部分有点突兀。
好评太多期待太高。"
1035008701,2018-08-12 19:17,2.0,南昌,_qq7sf1426397788,女性,今天怎么买得到昨天的票，这个也太奇怪，我又买了一脏
1035008690,2018-08-12 19:17,4.0,成都,SXh426021299,女性,不错不错不错
1035008689,2018-08-12 19:17,4.5,阳江,您370,男性,"《一出好戏》一定要看到最后！！！
《一出好戏》一定要看到最后！！！
《一出好戏》一定要看到最后！！！
山争哥哥出现就是亮点(光头反光)[憨笑][憨笑][憨笑]
而且张艺兴真的演技提高很多！
虽然burger把结局乐观化了，依旧不失为一部引人深思的好电影。8.5分。"
1035001653,2018-08-12 19:17,3.5,灌云,空白格37219,女性,还行吧就那样
1035004319,2018-08-12 19:17,5.0,武汉,王鹏427,男性,人性的完美诠释永远支持渤哥
1035008682,2018-08-12 19:17,2.5,肥城,羽熙小朋友,女性,真的没有热评里写的那么高大上呐，就是一群人穿越时空，过着原始生活，胜者为王，王又不想回去过平庸的生活。吵吵打打，为了这，为了那。
1035001647,2018-08-12 19:17,4.0,安庆,知我者无乜,男性,不错的电影，
1035011215,2018-08-12 19:17,4.5,西安,肖潇360,女性,很好看，值得一看！
1035008665,2018-08-12 19:17,3.0,鞍山,vSt843338619,女性,我个人觉得没什么意思，剧情像老太太裹脚布。
1035011204,2018-08-12 19:17,3.5,鞍山,lx6481642,男性,没什么感觉，一般，看的懵懂，没看出什么内涵
1035001627,2018-08-12 19:17,5.0,上海,Nnn丶余生,男性,笑点挺多，也让我们看清楚了人性本善
1035004291,2018-08-12 19:16,5.0,邛崃,sFN604385409,女性,很好看，很值很值
1035008626,2018-08-12 19:16,4.5,哈尔滨,VsignMaster,男性,很不错的戏，剧情紧凑不拖沓，故事很完整
1034940171,2018-08-12 19:16,4.0,河源,HAn461286243,女性,不是很搞笑。。
1035004282,2018-08-12 19:16,5.0,长沙,IceyQueen,女性,荒诞的黑色幽默 黄渤的处女作品 让我很惊喜 生活演绎处理得很真实细节 但是荒诞冒险部分又处理很写实人性 张艺兴最后的黑化正是人性中暗的一部分 但是黄渤最后的坚持又是人性中挣扎下的善 一切水到渠成 让人深思
1035011170,2018-08-12 19:16,5.0,梅州,zLz569942775,女性,v·….:‘一
1035008615,2018-08-12 19:16,5.0,南京,马鹿gay曾相伴,女性,看完脑子晕晕乎乎的 😂
1034916569,2018-08-12 19:16,5.0,鞍山,yoL165741213,女性,超级好看，搞笑又有哲理！支持渤哥
1035004274,2018-08-12 19:16,4.0,重庆,柒年丶某天,男性,值得一看，值回票价～黄渤没让人失望～最后的彩蛋真够让人等的
1035001609,2018-08-12 19:16,4.0,广州,千草筱祈,女性,剧情不错，演技可以。
1035001605,2018-08-12 19:16,5.0,西宁,UTj231869228,女性,人性本善😉且行且珍惜
1035004269,2018-08-12 19:16,3.0,重庆,庞庞jimmy,男性,感觉像一部舞台剧！没有什么新意！
1035011139,2018-08-12 19:16,4.0,大连,LINGYOU_伶忧,女性,还行吧，反正我个人看了比较致郁
1035008586,2018-08-12 19:16,4.5,深圳,Rtt489993222,女性,笑着笑着笑不出来了
1035011126,2018-08-12 19:16,5.0,杭州,啦啦啦,男性,好看好看，旁边的姑娘更好看
1035011125,2018-08-12 19:16,1.5,武汉,鸾皇,女性,想表达的太多。表现的又不够好
1035000903,2018-08-12 19:16,5.0,大连,美美哒偶,女性,不错，好看，通过这个电影反应出人心的险恶！
1035001581,2018-08-12 19:16,5.0,盘锦,婷26392,女性,好看！好看！好看！
1035011104,2018-08-12 19:16,5.0,孝感,sunshine_么么,女性,艺兴甩扑克牌帅炸了
1035004254,2018-08-12 19:16,4.5,深圳,潇洒,女性,一般。。。。。。。
1035001573,2018-08-12 19:16,5.0,苏州,布朗斯基大王,男性,要剧情有剧情。。要演技有演技。。要层次有层次。。真的不错。。
1035008537,2018-08-12 19:16,4.5,沈阳,ZEZ292206578,女性,演技到位  张艺兴演技也有提升 值得一看 
1035011004,2018-08-12 19:15,1.0,西安,Yong_cici,女性,"看睡着了！！！
唉～～～极其失望！！！"
1035008519,2018-08-12 19:15,3.5,河源,OBG198106544,女性,不错！黄渤力作
1035001564,2018-08-12 19:15,5.0,南充,奔跑的五花肉丶,男性,"期待黄渤带来的惊喜
"
1035011033,2018-08-12 19:15,2.0,常州,duV956706102,女性,一出好戏，棋差一步。
1035000867,2018-08-12 19:15,4.5,昆山,xboor,女性,电影真的不错，但是中间部分节奏太慢。张艺兴有亮点。
1035004227,2018-08-12 19:15,5.0,肇庆,世界和平442077,女性,好戏，确实是一出好戏
1035011024,2018-08-12 19:15,4.5,深圳,侧耳倾听484,女性,厉害了，渤哥
1035001540,2018-08-12 19:15,5.0,吴江,IOZ214272928,女性,好看，很喜欢…真正的一出好戏…
1035011015,2018-08-12 19:15,5.0,上海,vIR140978981,男性,电影很好看！
1035000856,2018-08-12 19:15,5.0,徐州,嗯，好。。。。,女性,黄渤从来从让观众失望过
1035011003,2018-08-12 19:15,3.5,江门,Wad981064527,男性,如果你想看喜剧片，还不如看《爱情公寓》。如果你想看有深度和有寓意的片子，该片的水平可能相当于儿童池的深度。不上不下，不伦不类，花钱给王勃赚个吆喝。
1035008450,2018-08-12 19:15,4.0,柳州,火花之哲学639,男性,总体还行，可以到电影院一看
1035008449,2018-08-12 19:15,5.0,重庆,馋嘴的猫,男性,带着朋友的差评进的影院，看完之后感触良多。大咖们的演技就不多说了了，剧情对生活本质的诠释.对人性的展露非常到位。黄导果然没有让我失望，绝对值得一看！
1035006989,2018-08-12 19:15,5.0,成都,钟散漫,女性,很好看很好看
1034892938,2018-08-12 19:15,4.5,西宁,qFW529050291,女性,张艺兴出乎意料啊
1035008413,2018-08-12 19:14,4.0,桂林,邹旻777,女性,可以吧，人性的险恶，角色的转换，很到位。
1035006972,2018-08-12 19:14,5.0,郑州,lwG684839300,女性,非常好看！搞笑的同时引发思考
1035008410,2018-08-12 19:14,2.0,重庆,夏喵喵i,女性,很一般，看的想睡觉
1035008401,2018-08-12 19:14,5.0,大庆,关雯雯454260726,女性,挖掘人性啊，很深刻
1035000820,2018-08-12 19:14,2.5,惠州,fwf226263852,女性,看了，有点扯蛋
1034913666,2018-08-12 19:14,4.5,上海,莫道无言2014,女性,不用怀疑，绝对是今年春节之后最好的电影
1035006945,2018-08-12 19:14,5.0,济宁,jinbo455546143,女性,还行吧，一般情况
1035008380,2018-08-12 19:14,5.0,北京,曹根胜,男性,棒棒的，喜欢
1035006939,2018-08-12 19:14,5.0,顺德,木翎,女性,还可以。。。
1035006932,2018-08-12 19:14,5.0,曲靖,keD628735886,女性,好笑又正能量
1034069462,2018-08-12 19:14,5.0,重庆,lNh718824081,女性,不错的电影，另外一种感觉，建议大家去感受一下人性跌宕起伏的剧情！
1035004168,2018-08-12 19:14,4.5,无锡,_qq5zm1348663085,女性,有内容，拍的真不错，看出来黄渤是用心在做好电影。
1035006888,2018-08-12 19:14,5.0,临沂,Mxt610759178,女性,这是讲人性的电影，一群差评的zz说不是喜剧？不好笑？那些差评的，想笑的，去隔壁看豆瓣评分2.9的爱情公墓吧，你们那智商应该会喜欢，就服你们一本正经的评论不好笑，不好看，看不懂，真**six
1035004162,2018-08-12 19:14,3.0,广州,roseandrain,女性,一部很深刻的揭露人性的电影 但其中有一些桥段还是给我一种很闹的感觉 总体还可以吧
1035008336,2018-08-12 19:14,3.5,太原,Trd193067018,女性,电影还行，也展现人性，也有悬念有波折，感觉创作团队还是很有诚意的，但是感觉节奏把握的一般，从头到尾看下来没有什么起伏，即使是剧情冲突的地方也不太突出。但作为黄渤导演的首部电影，还是相当不错了。
1035004161,2018-08-12 19:14,5.0,大连,aTD942695028,女性,还行，剧情也行。
1035008332,2018-08-12 19:14,5.0,成都,Curry277,女性,张艺兴演技太好了吧 我的妈呀 整部影片节奏很紧凑！值得推荐
1035008330,2018-08-12 19:14,5.0,烟台,kjq310806895,女性,挺好啊，刚刚的！
1035000801,2018-08-12 19:14,4.0,株洲,明夜269,男性,不错，剧情虽然不怎么样，但是几位大咖的演技和笑点没得说。
1035004081,2018-08-12 19:13,3.5,深圳,nTd347027002,男性,电影剧情不错，但是有很多穿帮镜头！整部剧透漏出人类丑陋的一面，但是你要记得你是进化之后的人，而不是动物园里的猴子，最后他们在现况的满足之后，发现回去的船，而起杀人的心态，想占为己有，最后还是主人公没有脱离人的本性！想办法带领大家一起回去！
1035006829,2018-08-12 19:13,4.0,沧州,【凄·月】,女性,算是比较好的一部电影
1035008260,2018-08-12 19:13,5.0,哈尔滨,YkE295490616,女性,很搞笑，剧情合理！希望以后能多拍。出这样的电影
1035008224,2018-08-12 19:13,5.0,无锡,wendy20201,女性,不错 有黄渤就是保证票房 而且还有大美女舒淇
1035008210,2018-08-12 19:13,5.0,大连,于芳,女性,"感谢猫眼影迷会大连分会组织，和热爱电影的小伙伴一起观看《一出好戏》。
真的是一出好戏！黄渤的新身份-导演、编剧，起点很高！七大编剧，脑洞风暴，从荒岛求生，演绎出直面一系列“人性”问题的寓言故事。每位主演的都很到位。尤其是张艺兴，人物黑化那段演技，让人刮目相看。
人的野心，远远是超出想象的，在生存下来后，接着公司内部的人事阶级重构，完成了三次权力重组。恶劣的生存环境下，人生仍有希望，排队看手机里家人的照片，为了保存住女儿视频可以失去公司的张总，仍相信爱情的姗姗，都是灰色调岛的亮点，是活的希望。
现在的观众品味越来越高，很难满足。主创们想要表现的内容多且深，节奏很满，让观众看到了用心。"
1035000762,2018-08-12 19:13,5.0,郑州,诚心程奕,女性,今天有幸看了这部电影，真心觉得不错，搞笑又不失内涵，是部好电影，值得观看！赞一个👍
1035004117,2018-08-12 19:12,4.5,邵阳,QuV358676656,女性,笑点很多  张艺兴演技炸裂了阿！！！hhhhh
1035006774,2018-08-12 19:12,4.0,平度,某洋洋,男性,低于预期，还好吧。
1035006773,2018-08-12 19:12,5.0,梧州,fTp703385082,女性,有深度有人气，好！！
1035004110,2018-08-12 19:12,5.0,徐州,hOH505192187,女性,张艺兴演技炸裂啊！！黑化时邪魅的帅啊！！！扔扑克时心都要给他了！！
1035006758,2018-08-12 19:12,3.0,衡阳,季风灏,女性,还好吧，个人不是特别喜欢。
1035000748,2018-08-12 19:12,4.5,深圳,imW499319359,女性,一般，剧情节奏感处理有待提高，整体效果还是令人满意，毕竟是黄渤的首部作品，期待更好的作品面世
1035006745,2018-08-12 19:12,5.0,合肥,汪汪wch,男性,说不好看的人，是没看懂。
1035008156,2018-08-12 19:12,5.0,西安,晓希Shiny,女性,开头感觉自己都很紧张啊 一直特别担心 很好看 天上钓鱼哈哈 不错不错 也不知道你们两个是怎么把它们堆在一起的 很辛苦吧 哈哈哈
1034916549,2018-08-12 19:12,5.0,固始县,gNj195385529,女性,完美的表达了人经历过灾难后的表现  
1035008145,2018-08-12 19:12,5.0,深圳,fje494962123,男性,很喜欢很喜欢
1035006718,2018-08-12 19:12,4.0,雷州,gMF465438204,女性,嗯是挺好看的
1035001418,2018-08-12 19:12,2.5,顺德,Adr425393418,女性,剧情还行，但波澜起伏不大，高潮个人没有感觉到，但影片总体完整。不会二刷，只是为张\艺兴去看的。
1035008128,2018-08-12 19:12,5.0,潍坊,大瓜616,男性,"支持渤哥。渤哥出品必数精品
"
1035006463,2018-08-12 19:12,5.0,临沂,似水年华～～～～,女性,电影很好看！！！！
1035001415,2018-08-12 19:12,3.5,沈阳,逗比痴妞,女性,看得出来，导演是有野心的，想表达东西也很多，相信下一次会更棒！加油！
1035008116,2018-08-12 19:12,1.0,贵阳,M小白的小哥哥,女性,真的到一个荒岛然后以为世界末日外面的世界都没了……两个小时我尬了一个半小时   实在呆不下去走了    世上最尬……没搞懂这么高的影评真的没体现出来在哪……
1035006689,2018-08-12 19:12,5.0,乌鲁木齐,夜微涼456,女性,故事构架清晰，人物性格鲜明且富有弹性
1035006661,2018-08-12 19:11,5.0,徐州,光依,女性,很好看，都推荐！
1034892917,2018-08-12 19:11,4.5,胶州,FaF276100844,女性,黄渤的剧果然不错
1035008077,2018-08-12 19:11,3.0,南京,赞赞娃,女性,为了表演而表演，发力过猛
1035006655,2018-08-12 19:11,2.5,深圳,给你一半胸膛,男性,感觉剧情就是一群人被困在到一个海岛上，然后以为世界没有了，最后被救了，没什么意思
1035001392,2018-08-12 19:11,4.0,唐山,寶兒媽（文娜）,女性,艺兴形象的突破，演技的进步，可圈可点；渤哥想表达的东西基本呈现，第一次做导演，挺好！
1035001388,2018-08-12 19:11,5.0,长春,请叫我不羁＾,男性,细思极恐!!!
1035006640,2018-08-12 19:11,4.0,哈尔滨,Ctz758076745,女性,满分不可能，感觉电影拍的有点抢拍子，结尾略仓促，总体来说意义达到了。
1035000690,2018-08-12 19:11,4.0,上海,wPE286764798,女性,人性一点比较真
1035008054,2018-08-12 19:11,3.5,郑州,唯秋103,女性,好不容易出来看一次电影，旁边的大妈和她老公一直在说话，从电影开头说到电影结束，夹杂着大妈的手机铃声，不调静音响了关一下也好呀，中间提醒他们好一点过不到五分钟继续说，到底在聊什么呀，这么大声不能回家说？？？？第一次遇到这样的人……真的太过分了∏_∏
1035001382,2018-08-12 19:11,0.5,厦门,Otto,男性,不多说。差距体现的太明显
1034892913,2018-08-12 19:11,5.0,增城,wZb865310344,女性,剧情里面有很多复杂的情绪及最后的爆发演员演的淋漓尽致。其中有涉及到的阶级矛盾冲突和当每个人坐到了资本家的位置时都是那么的自私，也将人性的黑暗面体现了出来。电影中有很多励志的原理，当你一无所有时，也是你创新的开始。
1035008029,2018-08-12 19:11,2.5,武威,Xgr536983018,女性,比上不足比下有余，，有点人性的思考
1035001353,2018-08-12 19:11,5.0,景德镇,_qq5k41422110407,女性,黄导处女作不负众望，演员虽然没多少，但是人物的心理矛盾刻画精彩，通过灾难面对现实的困境，反衬出人性的弱点，丑陋与欺骗，但最终走向了正义和善良，剧情笑中带泪，久久不能忘怀……
1035006594,2018-08-12 19:11,2.0,鄂州,Liw274931673,女性,一般吧，没有西红柿好看，也没我不是药神好看。
1035008010,2018-08-12 19:11,5.0,任丘,丑男范儿,男性,人性 没有这么善良
1035006274,2018-08-12 19:11,4.0,兰溪,苍－薄青色,女性,比较有现实意义。
1035004054,2018-08-12 19:11,5.0,合肥,DPx215916094,女性,欣赏黄渤～今年很开心看了这么多好电影
1035005994,2018-08-12 19:10,3.0,浠水,断线的风筝755,女性,说实话 真的很一般
1035006565,2018-08-12 19:10,4.0,沈阳,妞儿_0408,女性,"还不错的电影，剧本，场景和演员都不错。本来为着支持艺兴来的（黑化的演技不错），发现舒淇女神也很有魅力啊！
剧情层层推进――在恐慌中，最先站出来的人成为了所有人的主心骨，所谓“领导”的身份被推翻，大部分人为了生存也倒戈。后来主心骨的心态发生变化。又产生了新的一股力量，在发现这股力量可以让大家变得更好之后，人心就又发生了动摇……
饥饿，恐惧，生存危机，那时候，我们又该何去何从？"
1035006542,2018-08-12 19:10,5.0,任丘,土豆茄子653,男性,一出好戏 我旁边男同志竟然哭了
1035005960,2018-08-12 19:10,5.0,绵阳,毛毛21948,女性,真心觉得不错
1035005957,2018-08-12 19:10,5.0,鞍山,卍解1归刃,男性,挺好的，黄渤拍的很展现任性。
1035005953,2018-08-12 19:10,4.0,贵阳,veL805405526,女性,还不错，欠点火候
1035001337,2018-08-12 19:10,5.0,温州,你的柯柯,女性,超级好看 艺兴演技进步了好多
1035006533,2018-08-12 19:10,5.0,慈溪,百度一下丿,女性,黄渤这部电影超赞赞赞赞，把人性的弱点都欲望都拍出来了
1035006512,2018-08-12 19:10,5.0,顺德,CVC881126211,女性,没想到黄渤也能拍出这么好的片子！期待更多作品！
1035005924,2018-08-12 19:10,3.5,苏州,tjf520tjf,男性,总体感觉还好，也喜欢勃哥的演技，不过确实剧情有点尬……
1035006501,2018-08-12 19:10,5.0,上海,kNJ521222936,男性,很棒 觉得评分有点低
1035000637,2018-08-12 19:10,5.0,重庆,dungdung880415,男性,虽然一段小故事，却把人心都彰显的淋漓尽致！
1034996997,2018-08-12 19:10,5.0,泸州,rgo458411406,男性,无所畏惧，为了部落
1034892902,2018-08-12 19:10,2.5,上海,brightgwy,男性,没看，不好评价
1035005900,2018-08-12 19:10,3.5,北京,_qq53f1442572382,女性,很喜欢，就是感觉剧情有些拖沓
1035006488,2018-08-12 19:10,5.0,肇庆,二毛的小灰灰,女性,电影不错，好看
1035005887,2018-08-12 19:10,3.5,鞍山,CkK285946061,女性,emmm...怎么说呢，就是比较励志！但是结局有点太潦草了，没讲具体吧...
1035004005,2018-08-12 19:10,5.0,成都,晋534,男性,影帝就是影帝
1035006479,2018-08-12 19:10,5.0,济南,Ulj875978457,女性,影片具有一定的冲击力，搞笑的同时，更多的是披露了人性，多种情感交织，很有味道
1035006474,2018-08-12 19:09,5.0,唐山,XSN716517884,女性,黄渤的，不用多说。张艺兴在里面也超棒，后面黑化的很好，电影都很棒。
1034940133,2018-08-12 19:09,5.0,武汉,SDq331638548,女性,网络评分低了，至少比西虹市不知道强多少，觉得现在大部分观众对艺术的深度有点无视也无感，还是喜欢直愣愣的笑料～黄渤还是有良心和用心的电影工作者，影片是有态度的，也引人思考，让人伤感，这算是有艺术价值的作品吧！
1035000621,2018-08-12 19:09,2.5,珠海,蘑菇6838,男性,及格水平，有点失望
1035005875,2018-08-12 19:09,5.0,深圳,YEa55863434,女性,场面虽然不壮阔，但有意思
1035005872,2018-08-12 19:09,1.5,昆明,gMW510086336,女性,建议做好准备
1035005871,2018-08-12 19:09,5.0,惠州,Ygv111675802,女性,好看！！！！
1035005864,2018-08-12 19:09,5.0,遂宁,旧事微歉..,女性,"黄渤导演的处女作，真心的非常不错，
马进聚光灯下演讲，小兴作为马进贪欲的化身在黑暗中不停的摇着发电机，眼神中闪现着欲望和疯狂的火，这一场景是否也预示着此时马进的贪欲是那道光的动力呢？
之后一切照着他们的计划顺利进行，尝到成功滋味的小兴在篝火舞会上向曾经羞辱马进的超扔扑克牌的场景，真的邪帅邪帅的，他脸上欲望膨胀之后的得意张扬而鲜活，他和马兴此时就是带来光明和希望的新世界造物主，但他的脸上没有悲悯，只有轻蔑。"
1035006454,2018-08-12 19:09,4.5,东莞,小凶许。461,女性,真的是一出好戏啊！！！渤哥的电影有很多值得去思考的地方 还有一些细节也可以多品品 张艺兴的反转也很让人惊喜 演技真的有很大进步👍
1033732983,2018-08-12 19:09,5.0,太原,Lpx丶丶,男性,我的孤岛，胜过你的世界！
1035005809,2018-08-12 19:09,0.5,成都,冯满.,女性,真的是太烂了 黄渤哥这不是你的作风啊
1035005805,2018-08-12 19:09,5.0,新乡,Jyiing、槿颖,女性,冻住的冰激凌
1034916534,2018-08-12 19:09,4.5,武汉,cxhf12,男性,很有深度，情节很好，不错
1035006394,2018-08-12 19:09,5.0,无锡,Eqx580811199,女性,微博上解说厉害到我了……
1035006390,2018-08-12 19:09,5.0,惠州,zJE743319016,女性,黄渤第一次做导演，是一部诚意之作。值回票价，小兴非常惊喜，张艺兴厉害的。
1035005784,2018-08-12 19:09,5.0,广元,李豪鹏,男性,好看，没得说。
1035006371,2018-08-12 19:09,5.0,常州,RXy658904256,女性,也不看导演是谁，很不错的电影……
1035006355,2018-08-12 19:08,5.0,青州,猫先生哦,男性,很棒的电影，张艺兴演技无敌。给人很多启发。
1035005745,2018-08-12 19:08,5.0,杭州,jUd914021600,女性,非常好看，良心作品。善良、正直、踏实的人一生自由天护佑
1034996941,2018-08-12 19:08,4.0,石家庄,Fsm995440418,女性,看到了hen有诚意的片子，值得一看
1035005672,2018-08-12 19:08,4.0,重庆,Marcio小鑫,男性,这哪里是一部喜剧，明明就是一部从头荒诞到结尾的人类简史，给宝强和张艺兴的演技点赞
1035006259,2018-08-12 19:07,4.0,宿迁,青春的小尾巴,女性,故事创意相当不错，每一位演员都是带着演技进组的，对人性的讽刺和思考贯穿全场。国产电影好像越来越有意思了，真的是“一出好戏”！
1035005663,2018-08-12 19:07,4.0,深圳,gbu541890101,女性,剧情挺丰富。
1035005650,2018-08-12 19:07,5.0,武汉,Ffp452391790,女性,好看 支持黄渤。
1035000517,2018-08-12 19:07,5.0,济宁,Gah128870346,女性,这电影看的值
1035005641,2018-08-12 19:07,4.0,常德,gNU924372951,女性,奔张艺兴去看的。果然没有让我失望
1035003965,2018-08-12 19:07,4.5,临沂,charterhcbu,女性,嗯，反正比什么什么公寓要好，真的
1035006234,2018-08-12 19:07,2.5,乌鲁木齐,Valleylilac,女性,一般般。。。
1035001215,2018-08-12 19:07,0.5,郑州,sUP440406379,女性,一分都不想给。
1035001209,2018-08-12 19:07,5.0,宁乡,倾城Y未央,女性,除里镜头晃以外都好，出了电影院我头现在还晕(=_=)
1035005610,2018-08-12 19:07,5.0,沈阳,山河故史,女性,黄渤出品该说啥呀
1035006204,2018-08-12 19:07,4.5,上海,HcY736540526,女性,岛上生活体现了人类社会的发展，最初为生存，到之后的物品交易、货币（扑克牌）的出现，通货膨胀，人性的弱点丑恶都展现了出来，但仍然觉得有点不足，绵羊兴的转变感觉没有铺好
1035006202,2018-08-12 19:07,3.5,曲靖,不愚猫,女性,演技没得说，非常一流，对得失和活着有一点点启发，但是剧情太乱，转折生硬，感觉是黄渤想要表达的太多，期待黄渤作为导演更成熟精彩的作品！！
1035005602,2018-08-12 19:07,4.0,沈阳,NmN431582865,男性,不错片子！！！
1035006188,2018-08-12 19:07,5.0,宜昌,tzq978214917,女性,很好，非常搞笑
1035005594,2018-08-12 19:07,3.5,郑州,n347,男性,和西虹市一样，坐在电影院里，逼着你笑；出了电影院外，啥都忘了～ 一部影片没有你二刷三刷的念头，只能说，快餐式喜剧，唉～说实话，对黄渤略感失望……
1035005589,2018-08-12 19:07,5.0,南通,TBy625477458,女性,超级好笑，小绵羊演技上线，插曲也好听，最近一直单曲循环
1034996871,2018-08-12 19:07,5.0,银川,等待6291,女性,据说是黄渤的处女作品，感觉很现实。把现实演义了出来。
1033803711,2018-08-12 19:07,3.5,北京,DTB438468032,女性,体现人性恩恩
1034916522,2018-08-12 19:07,5.0,绵阳,MpA145128830,女性,有深度，值得深思反省
1034940115,2018-08-12 19:07,4.0,资阳,hOu311556142,女性,张艺兴真的不错。所以导演很重要啦
1035000479,2018-08-12 19:07,5.0,安阳,cra413218300,女性,不错的一部电影
1035005554,2018-08-12 19:07,5.0,东平,_qqvwk1428469730,男性,人性，贪婪，现实，自由，金钱，强盗
1034996865,2018-08-12 19:07,4.5,上海,谷强785,男性,多一分怕你骄傲
1035000477,2018-08-12 19:07,3.0,西安,Waterecart,男性,不写不写不写
1034968026,2018-08-12 19:06,2.5,兴化,Ieo444949993,女性,很一般，为了看黄渤才去的
1034635988,2018-08-12 19:06,5.0,济南,来自水星的我,男性,这部电影给人的感触很大 平时很简单的道理大多数情况下不以为意 到头来吃亏的是自己 自己要靠自己的努力去赢得自己的东西 没有天上掉馅饼的时候 相信自己 坚持自己当初的那份纯心 只有自己努力换来的才是永久的
1035006126,2018-08-12 19:06,4.5,南宁,是小甜菜的独角兽,女性,电影给人启发 黄渤导演真的优秀 每个演员都很出色啊 还会去二刷的！感觉看不够！
1034996859,2018-08-12 19:06,2.5,西宁,uAA445648162,女性,一般般吧   没有特别喜欢
1035006122,2018-08-12 19:06,5.0,潮州,XdI911504813,男性,支持勃歌，加油，票房大卖
1035001169,2018-08-12 19:06,4.0,宁波,DOMEN弦儿,女性,。。。。。不错
1035001165,2018-08-12 19:06,4.5,眉山,wzr3363,女性,"很好看 
被张艺兴圈粉"
1035005495,2018-08-12 19:06,5.0,苏州,HwI693215720,女性,挺搞笑的，也好看
1035006071,2018-08-12 19:06,0.5,北京,Qkf19409677,女性,不好看，真的不好看，本来很期待，看了二十分钟就出来了，真的没意思，这也是想小成本赚，真的没意思，不好看
1034246597,2018-08-12 19:06,5.0,深圳,Cdy548236012,女性,好看，艺兴演技越来越好了，要加油哦
1034996841,2018-08-12 19:06,0.5,浏阳,SMu584662081,女性,不好看，没笑点
1035006034,2018-08-12 19:06,3.5,银川,YKz848144649,女性,比我想象中要好，故事情节比较完整，荒岛求生的人性主题比较惊喜，但是挖掘得不够深，某些情节不合理，人设有点单薄，角色黑化不那么自然，总体来说是“一出好戏”。
1035001137,2018-08-12 19:06,2.5,信阳,万丿丶斌哥,男性,还行吧，有病吧
1035005447,2018-08-12 19:06,0.5,青岛,英俊偶霸,男性,真的不知道流落荒岛然后有个啥主题，尴尬
1034996836,2018-08-12 19:06,5.0,盘锦,thunder35549,女性,真的非常好看
1035005441,2018-08-12 19:06,5.0,宿迁,浅笑心柔5427,女性,很好看，没让我失望
1035006016,2018-08-12 19:06,1.5,盐城,tmy851229,女性,感觉一点都不好看
1035006009,2018-08-12 19:06,4.0,南京,windyren2014,女性,想表现人性，但没有视觉享受，开头反而很好看
1035005418,2018-08-12 19:05,4.5,佛山,gHe534516956,男性,值得一看，良心作品
1035005407,2018-08-12 19:05,5.0,广州,三层五花肉663,男性,说不出的感觉，但是值得去看
1035003978,2018-08-12 19:05,4.0,临沂,Panacea萌,女性,很讽刺很有细节
1034996816,2018-08-12 19:05,4.5,合肥,XF4720,女性,故事情节还不错，表现的有点夸张了，把社会的现实问题表现的很犀利，推荐看
1035005388,2018-08-12 19:05,4.0,无锡,oVp500423517,女性,现实生活中人性的缩影
1035000415,2018-08-12 19:05,5.0,常州,箭在弦上8996,男性,比爱情公寓强百倍有余
1035001112,2018-08-12 19:05,4.0,洛阳,yWJ371678466,女性,黄渤导演的，才去看的！
1035001094,2018-08-12 19:05,5.0,南京,zSZ466722911,女性,电影好看 触景生情
1035005358,2018-08-12 19:05,5.0,保定,TPh491302779,女性,好电影，反映人性本恶的一面，社会意义的好电影。期待了很久，值得四张电影票。
1034996798,2018-08-12 19:05,3.0,佛山,WBa321998644,男性,我是个普通人，我不会去细细的去品味哪部电影，我只知道我是拿钱去消费的，你说这部电影把人性演绎的很好，我不反驳，也品不出来。但是我只想说这部电影没有我想象中的好看不多说。演技很好，演员到位。就是剧情不是我喜欢的。
1035005351,2018-08-12 19:05,4.5,溧水区,WKC762819473,女性,不错的一部电影，充分体现了人性
1035003935,2018-08-12 19:05,5.0,广州,linlin24,女性,剧情 导演 女神
1034996791,2018-08-12 19:05,4.5,安庆,sRW340934653,女性,总体很不错，人物性格转变安排很恰当，人物性格刻画也不错。
1035005347,2018-08-12 19:05,0.5,辛集,TCK667855817,女性,不咋地，开始两分钟还能笑，后面平平，说这是部喜剧，瞎扯，带孩子去的，孩子一下也没笑，出来说，没意思
1035005338,2018-08-12 19:05,5.0,昆明,谁懂？969,男性,值得10分了
1035005323,2018-08-12 19:05,5.0,成都,qZR261158003,女性,很深刻很不错
1035005322,2018-08-12 19:05,3.5,西安,Redundant2467,女性,还好吧 让我看见了人性的贪婪自私
1035000388,2018-08-12 19:05,4.5,四平,泥娃娃497,男性,节奏有点慢，故事写人性很深刻，不错的。
1034915500,2018-08-12 19:05,5.0,重庆,我不是唐钰清,女性,看完很有感触，将人性暴露的深刻
1034996777,2018-08-12 19:05,0.5,珠海,Qvv125104237,女性,这也太好看了，搞得我都看不懂
1033647945,2018-08-12 19:05,5.0,西安,jfa8696,女性,电影剧情是现在电影市场十分少有的，不是单纯的搞笑，狂想，而是闹剧中的思索，站在人性的交叉点。黄渤作为一个新人导演能完成到这个水平已经十分成功了。电影中演员的表现也都是可圈可点。张艺兴的表现也没有让人失望，最大限度的消化了角色。真的推荐大家去电影院看这一出好戏！
1035005312,2018-08-12 19:04,4.0,顺德,hKu150024546,女性,"还可以吧,就是服装有点惨不忍睹。"
1035001066,2018-08-12 19:04,4.5,沈阳,飞奔的蜗牛,女性,黄渤，有才之人！张艺兴最后反转，演技一级棒！
1035000369,2018-08-12 19:04,4.0,玉环市,lc卢畅lc,女性,看完头脑乱，想的多
1035001062,2018-08-12 19:04,5.0,凉山,HDJ320728345,女性,很好看，张艺兴的演技是真的好，就是剧情有点懵
1035003882,2018-08-12 19:04,4.5,淮安,风行680,男性,#看电影#<一出好戏>，非常好看的电影，不知道剧本谁写的，题材新颖，不落俗套，人性刻画尤其深刻，好评！黄渤拍的也不错，大才子，有追求，全程无尿点，高潮迭起，今年最佳导演最有力竞争者[悠闲]
1035001049,2018-08-12 19:04,5.0,遂宁,MMX781099957,男性,很棒👍 👍 
1035001044,2018-08-12 19:04,0.5,滨海,lqE909030032,女性,不能忍，喜剧不搞笑是多大的悲哀
1035003863,2018-08-12 19:04,5.0,上海,OXM853867801,女性,蛮好看的，剧情很能抓住人眼球，张艺兴的演技有很大进步啊，哈哈，推荐
1035005281,2018-08-12 19:04,5.0,徐州,芙澜,女性,很好看，期待黄渤的下一部电影🎬
1035005280,2018-08-12 19:04,5.0,南京,JJf446698675,女性,好看，支持黄渤第一部电影
1035005270,2018-08-12 19:04,3.5,苏州,蜘蛛之月,女性,虽然剧情属于一直能猜到那种，但作为黄渤首部自导自演的电影，还是能看出很多立意深刻之出，无论是荒岛求生所表现出人性拷问，理想与现实的矛盾，还是模拟文明发展的货币体系与派系纷争，都足以引导观众做出思考。当然缺点是作为新人导演节奏把控不够，另外舒淇减分、王宝强用力过猛减分、张艺兴反而加分，摄影水平加分。
1035005264,2018-08-12 19:04,5.0,广州,OGI172315667,女性,还行，人的本性都
1034996748,2018-08-12 19:04,5.0,长沙,Fann】,女性,"黄渤演技实在太棒了
还有 看完微博上面的影评后
我感觉这部喜剧 硬是变成了 恐怖片 我好方 太恐怖了"
1035001027,2018-08-12 19:04,5.0,天津,卩脚印,男性,好看么？仁者见仁智者见智，个人认为好看，老婆却觉得一般，她是当做一个喜剧看的，而我是当做一个写实类看的，电影里反映了人的内心，在面对利益的丑陋，善恶道德观的矛盾，以及社会的演变和规则，这部涵盖了很多现实中的缩影，人生如戏真真假假，一出好戏，值得一看！
1035005218,2018-08-12 19:04,5.0,成都,伍柯,男性,还没看，期待，感觉大部分应该是能看懂的人。
1035005188,2018-08-12 19:04,3.5,慈溪,腿毛巨长哈哈哈,女性,还行吧不是很精彩...
1034996726,2018-08-12 19:04,4.0,中山,侨乡电机武哥,男性,还行吧，就是整个戏没有给舒期多大的发挥！
1034998555,2018-08-12 19:03,4.0,合肥,雅俗之间_,男性,挺好看的，黄渤作品都是值得称赞的，可能题材比较高端吧，不喜欢的下次就别去看了，也没啥好喷的，反正还是会一如既往的支持黄渤！
1035001015,2018-08-12 19:03,4.5,南阳,白苏白苏,男性,挺好的一部戏，感觉似曾相识，日本的一部剧
1035001013,2018-08-12 19:03,4.5,淮南,天杀的噢,女性,票钱是值的。
1035005186,2018-08-12 19:03,5.0,茂名,xumumumumu,女性,好看好看好看
1034996715,2018-08-12 19:03,3.5,武汉,杨阳22611,男性,怎么说呢！马马虎虎吧
1034996711,2018-08-12 19:03,2.5,青岛,Kcx602431498,女性,没意思，真没意思，没意思。
1033792355,2018-08-12 19:03,5.0,成都,sad323985200,女性,黄渤、于和伟等几位的演技不错，值得一看
1034996707,2018-08-12 19:03,3.0,石家庄,Condg,男性,一般吧，毕竟第一次导演，还是人性的片子。不过张艺兴演技很到位
1035005081,2018-08-12 19:03,2.5,天津,ham郝,女性,一般化，没有想象中的好看
1034993996,2018-08-12 19:03,4.5,徐州,徐良娣,女性,好电影，给黄渤好评，电影反映人性，将小王，张老板，珊珊，小兴的形象刻画的很到位，引人深思，剧中有很多笑点，但是也反应了人性的自私丑恶，还有马进对珊珊真挚的感情。尤其是珊珊策划众人向马进“求婚”那段，黄渤将自责，愧疚，欣慰，痛苦的反应表现的淋漓尽致，不愧是影帝，还有张艺兴演技真的进步很多。总的来说是一部好电影，推荐！
1035005128,2018-08-12 19:03,5.0,北京,xHA632988393,女性,喜欢喜欢，人伦的道德美。
1035003731,2018-08-12 19:03,4.5,天津,小娜仔,女性,场场爆满，处女座黄渤的导演处女座，一直还蛮喜欢黄渤的，觉得他幽默睿智，情商高，电影幽默里带给人反思，为什么王宝强都是演这一类傻不冷登的角色呢，感觉黄渤电影里这个角色就是为黄渤量身定做的哦！舒淇的出现就是感觉满足于英雄配美女这个设定吧，不然电影里没了爱情好像是少了点什么吧！张艺兴演技有进步哦，最后黑化啦，一群人被困荒岛，以为是世界不再啦，原来并不是，最后黄渤的几千万成为了泡影，开始他们被王宝强饰演的王控制，最后分成两派，互相厮杀，最后团结一致，当人脱离文明，只为求生，仿佛便回到了原始，于和伟饰演的张总，在荒岛上撒起了钱，是哦，当命都不知道能否存活的时候，钱还算什么呢？黄渤的导演处女座还算不错喽！
1034940097,2018-08-12 19:03,4.0,广州,未小然,女性,冲着黄渤去看的，还行吧！可能是影院体验不好影响了我的观影心情。（前排小朋友又是跳又是叫没人管不说，还有人在影院吸烟，真不知道我是不是去了个假影院……）
1035000300,2018-08-12 19:03,5.0,哈尔滨,ZQq932401160,女性,很好看，具有社会隐喻的片子，黄渤导演的《一出好戏》的确是一出好戏!
1035003713,2018-08-12 19:03,5.0,南宁,懒洋洋097,女性,把人性描写得淋漓尽致，有意想不到的结局，还有笑点
1035003711,2018-08-12 19:03,5.0,广州,mvh872676734,女性,把人性演绎的淋漓尽致
1033755794,2018-08-12 19:03,5.0,武汉,朱佳庆,男性,很不错的一部片子，笑点多，场面诙谐，对话幽默活灵活现，值了！
1034998534,2018-08-12 19:02,5.0,大连,_weixin714676051,女性,黄渤导演处女作 讲了人性社会的问题点 可见用心了 演职人员都不错 值得一看
1034993976,2018-08-12 19:02,4.5,日照,沧哑沧哑,女性,剧情不错，能表现出人物内心的失望，绝望，希望，挣扎
1035003684,2018-08-12 19:02,4.0,福州,uRF406287572,男性,电影还不错，就是体验太差了。不是被前排的头挡住，就是中途停电。情节跌宕起伏，感觉好像看懂了，又好像没看懂，值得多看几遍
1034996672,2018-08-12 19:02,5.0,上海,xiaoxu191,女性,人性的弱点，暴露无遗，最后徐峥在彩蛋里出现不错，何时看看黄渤，徐峥，沈腾一起演个片子就好了
1035005056,2018-08-12 19:02,5.0,青岛,aXA196929344,女性,好看，不错。
1034993968,2018-08-12 19:02,5.0,拉萨,往事如风～,男性,挺好看的，但需要回味，不然看不懂
1035003672,2018-08-12 19:02,4.5,常州,FFO802378747,女性,还ok的嘻嘻嘻
1035003675,2018-08-12 19:02,2.5,临沂,乱迷魂w9,女性,太烂了，不要看
1035003674,2018-08-12 19:02,5.0,沈阳,gkq87440836,男性,有剧情，有演技，可以
1035000283,2018-08-12 19:02,4.5,营口,占强324,男性,理想与现实的冲撞，人性的光明是爱情点燃的，阴暗面，是与生俱来的？？？哈哈哈哈
1035005046,2018-08-12 19:02,5.0,景德镇,桂文昊,男性,演技炸裂，超级好看，满分
1035003662,2018-08-12 19:02,5.0,锦州,belinda秋,女性,支持黄渤。张艺兴演技不错。还有王迅。一出好戏。真的好。
1034996662,2018-08-12 19:02,5.0,新郑,JFf480001925,女性,每一次的变色龙出现，都是人性的变化，超赞黄渤自导自演
1035005034,2018-08-12 19:02,4.5,芜湖,香与涛,女性,不错不错，支持黄渤
1034996658,2018-08-12 19:02,5.0,威海,Y.儰装.H,男性,很好看，耐人寻味。。。。
1035003657,2018-08-12 19:02,4.5,乌鲁木齐,腹黑菌,男性,本来是来支持渤哥，看了电影以后，感触良多。渤哥初次探讨人类社会的伦理逻辑关系问题。其中种种的现实嘲讽手段，等回到原来的世界，大梦一场。我个人觉得给9分完全合理，这次广电总局也算松手的。大梦谁先醒，平生我自知。
1034892318,2018-08-12 19:02,4.5,深圳,斋啡472,女性,反映现实社会各个阶层人的心态，思想，遇到事情的解决问题的风格，有思想有深度。黄渤，没有让我失望
1035003624,2018-08-12 19:02,5.0,洛阳,然lisa,女性,感觉还不错，在恶劣玩境中对人性的揭示，小锦羊:表演约很棒。
1035002986,2018-08-12 19:02,5.0,武汉,顾梓炫,男性,只能说太好看了
1035003611,2018-08-12 19:02,5.0,成都,天天妹儿376,女性,很好看 整部电影看完令人深思 主演们的演技炸裂 推荐值得一看哦
1035003606,2018-08-12 19:02,2.5,常州,EhQ299357234,女性,一般般吧 荒野求生...
1035003604,2018-08-12 19:02,5.0,赣州,慢热6928,女性,和好朋友一起看的 
1035003596,2018-08-12 19:01,3.5,上海,被子喵,女性,真实、问心无愧比一切都重要！
1035002964,2018-08-12 19:01,3.0,武汉,Hrg145477120,女性,也许是我的期望太高吧，确实有点失望，黄渤是一个非常不错的演员，但是导演上确实还有很大的提升空间，继续加油，会支持你的！
1035000241,2018-08-12 19:01,4.0,双鸭山,尖果儿_26,女性,非常好看，值得推荐噢！
1033881359,2018-08-12 19:01,4.5,梁平,TKT299511435,女性,艺兴演技真的好棒！！！！！！实力推荐呐！
1035003570,2018-08-12 19:01,5.0,哈尔滨,战拓达。,男性,挺好的 就是看睡着了.
1035002955,2018-08-12 19:01,0.5,苏州,李宇超317,男性,垃圾中辣鸡，完全没有设么意义
1035002926,2018-08-12 19:01,5.0,溧阳,周业成,男性,太完美了太棒了
1035002918,2018-08-12 19:01,5.0,深圳,Kax196735062,女性,电影很好看😊
1035000224,2018-08-12 19:01,5.0,江阴,arashi888139,女性,很好看不错喔
1035002883,2018-08-12 19:01,5.0,深圳,L1129523384,女性,不错不错不错
1034996596,2018-08-12 19:01,3.0,深圳,xdW400836492,女性,不好看，客观评价，这种孤岛求生的电影没有很好的剧本，故事情节很容易简单滑稽。。。
1035002876,2018-08-12 19:01,4.0,鞍山,一点也不闹心,女性,至少两个小时我是坐住了
1035000198,2018-08-12 19:01,4.0,成都,喵吃鱼不吃肉,女性,有点拖沓。爱情戏删一半节奏会好很多。
1035002871,2018-08-12 19:01,4.0,重庆,彩纸friend,男性,还不错，只是后半段相对没前半段好看，那个大胸姐好骚
1034622676,2018-08-12 19:01,5.0,松原,幻境星空工作室,男性,真的很好看的，强烈建议看完彩蛋再走。
1035003454,2018-08-12 19:00,4.0,汕头,QfH350528825,男性,一个男人的责任与担当
1035002822,2018-08-12 19:00,5.0,柳州,Pangzongshun,男性,很震撼，和网上的差评完全不同，哥们，感动，加油
1035003426,2018-08-12 19:00,5.0,盐城,XqD18068862066,男性,不错，很不错，人性的探讨够血腥，也是人性的真实写照，搞笑还好，渤哥的电影，一直顶
1035002819,2018-08-12 19:00,2.5,郑州,硕bao623,女性,内容不是很饱 中心不是很清楚 但是还是支持黄渤 加油
1035003411,2018-08-12 19:00,1.5,北京,uNB149776769,女性,只能给这分😔😔
1035003425,2018-08-12 19:00,5.0,仪征,简简单单22930,男性,我觉得挺好的，蛮喜欢的
1035002810,2018-08-12 19:00,1.5,长沙,IEM112128232,女性,冲着渤哥来看的，但很让人失望，象一锅太杂烩只剩荒诞，什么都想表达又什么都没讲好。
1035002808,2018-08-12 19:00,4.5,东莞,空13672,男性,舒淇真的很漂亮，演技爆棚，一点建议，希望全裸出境。
1035003402,2018-08-12 19:00,5.0,射阳,pQO878944738,女性,从头到尾我没看懂
1035000170,2018-08-12 19:00,2.5,武汉,vDh917835605,女性,故事情节一般，可能是这类题材电影看多了，就不感觉啥了
1035002797,2018-08-12 19:00,5.0,汕头,小木豆690,女性,真的很好看，尤其是最好张艺兴黑化那里真的感受到了现实社会的让人无奈
1034999826,2018-08-12 19:00,4.5,青岛,iii泥,女性,每次都习惯不做功课去看电影带给我的惊喜，又是一次临时起意的体验。一出好戏，首先渤哥真的很潇洒，艺兴的人物转化也演绎的不错，个人感觉宝强的山大王有种暴君的即视感，舒淇很美。剧情连环反转反映了世事无常，变色龙得出现也暗示着人的善变。当所有人都以为世界不存在了，只剩下他们在孤岛上生存，在那里抛开了所有的身份地位金钱，一切从新开始，那里没有了老板员工的身份地位，但每个人的本质都还在，触动最大的是艺兴的转变，其次是老板和宝强的人设，每个人物的特点细节刻画都很细致。揭露了人性的本质，值得思考。个人觉得末末尾有些烂尾，没有特别满足期待。
1034996552,2018-08-12 19:00,4.5,南宁,宥君,男性,结尾王迅的一句团结概括整部电影
1034993853,2018-08-12 19:00,5.0,北京,阿思同学,女性,支持渤哥，超级好看！
1035003393,2018-08-12 19:00,4.5,抚顺,文质君,女性,剧情反复反转，情节出乎意料，演技差一些！
1035002780,2018-08-12 19:00,4.5,武汉,blueblues16,女性,好看！对人性的解析！真的就是一出好戏
1034996545,2018-08-12 19:00,5.0,临沂,陌浅玥,女性,还不错~值得看
1035002776,2018-08-12 19:00,5.0,广州,HjU624946800,女性,完美，男猪脚黄渤演技太棒了。
1034892854,2018-08-12 19:00,4.0,成都,nVk874122296,女性,有点拖，张艺兴发狠的时候，我想取消微博关注，哈哈哈哈
1035000152,2018-08-12 19:00,3.0,烟台,Zsssr乀,女性,套路很老套，剧情很老套，心意基本没有，但是有点黑色幽默的味道，跟姜文电影有点像
1035000149,2018-08-12 19:00,4.5,上海,fck818333599,男性,OK，，，，，
1035002750,2018-08-12 19:00,5.0,株洲,山寨『陈小春』,男性,大现实，世界的蝼蚁，丛林的霸王
1035003353,2018-08-12 19:00,5.0,北京,JlH473606619,男性,可能有人觉得无聊，但是我很喜欢这样的电影
1034996528,2018-08-12 18:59,2.5,连云港,qzuser,男性,节奏拖沓，不知道想表达什么
1035003295,2018-08-12 18:59,4.0,成都,那比山,男性,刚看完这部片，笑料别出新意，故事也是独树一帜，作为黄渤的处女座，可以看出他非常卖力，非常努力，但整部片观影下来还是有些失望，片中强行拉升人性道德高度以及英雄主义有些不合节拍，就有有点类似一位作家按照诺贝尔奖的评判标准来写作，就容易迷失自我。
1035003328,2018-08-12 18:59,4.5,西安,ℳ๓南音少女,女性,好评，挺好看
1034872510,2018-08-12 18:59,5.0,齐齐哈尔,爱米米625,女性,关于人性，很有深度的一部电影
1035002724,2018-08-12 18:59,5.0,深圳,丶_Super,男性,剧情 人物 到位
1034993834,2018-08-12 18:59,3.5,西安,FNp777825645,女性,不错  值得一看
1035002713,2018-08-12 18:59,5.0,临沂,原来啊961,女性,很好看，王宝强和于和伟还有张艺兴演的真的是真不错了，我都快气死了，把坏演的是真的不错。后来看微博上说这其实是惊悚片，恐怖片，这一群人都是黄渤幻想出来的，他自己就是个精神病…因为只有精神病的世界是颠倒的…微博上的解说让我对这个电影有了新的想法，很值得去看
1033791049,2018-08-12 18:59,5.0,广德,yyt丶1,女性,很好看，要演技有演技，不得不说黄渤是真的有才，厉害👍，张艺兴演技也不错，终于丢掉了偶像包袱！棒！好评，反应的社会问题也挺现实，好评好评！
1035002705,2018-08-12 18:59,5.0,漯河,UfX105923585,女性,人性啊，难以揣摩
1034993826,2018-08-12 18:59,2.5,永州,失心。405,女性,还是有几个笑点的
1035002697,2018-08-12 18:59,5.0,九江,蜂465,男性,一出好戏，值得看第二次
1035003292,2018-08-12 18:59,5.0,天津,淘气簋387,男性,好看  有笑点有泪点
1034993822,2018-08-12 18:59,5.0,中山,Lle284132964,女性,好看！好看！好看！
1034996484,2018-08-12 18:58,2.0,常熟,田七571,女性,故事情节简单没内涵！！硬挤出来的笑包！！不伦不类就是为了拍个低成本电影卖几个淡季里的生活费用！！
1035002281,2018-08-12 18:58,5.0,上海,Xtfhqitid,男性,片子拍的很好！很有深度！看完之后回味无穷，能领悟很多，有点人类启示录的味道，国产片能拍出这种水平相当不错了，看来中国的电影市场还是很不错的
1035003224,2018-08-12 18:58,4.5,兰州,吃货进行中.2016,女性,感觉黄渤的电影一直不错  就是这次看完总感觉差点什么  总结了下可能是剧情有点不真实  看完感觉有点飘  这一部电影大体讲人性  还是很喜欢  无条件支持黄渤💕
1034996475,2018-08-12 18:58,5.0,秦皇岛,BdO588118216,女性,好看，走心，演员演技真的很棒！
1035002620,2018-08-12 18:58,5.0,惠州,乔治哼哼421,女性,非常棒！张艺兴！的演技！非常的OK！努力努力再努力！张艺兴！
1034996472,2018-08-12 18:58,5.0,宜昌,小猪头君622,男性,有深度，有意义，更重要的是用这个荒诞的故事表达出来，太完美！
1035002616,2018-08-12 18:58,4.5,北京,杨少峰丶,男性,其实很少有电影有勇气去这样直接的揭露人性，更说明黄渤的情商高。可以很好的拿捏各个角色的心理状态。总的来说我觉得非常棒。（就是主角最后真的非常讨人厌，也非常自私。张艺兴饰演的角色一开始义无反顾的和黄渤一起走，可以说从一开始的环境氛围来说。那样走几乎是必死的。。。到了黄渤头上他去阻挠了他。
1035003203,2018-08-12 18:58,4.0,葫芦岛,垚垚6530,女性,剧情少，人物多
1035003196,2018-08-12 18:58,5.0,牡丹江,mOz748915486,女性,张艺兴演技爆发
1035003187,2018-08-12 18:58,4.0,锡林郭勒,fzB783352581,女性,黄渤演技不错，
1035002581,2018-08-12 18:58,3.0,大连,JDz805997622,女性,全程尬点，该高潮的时候平淡过去了，另外还有歌唱跳舞，有点尴尬
1035003164,2018-08-12 18:58,1.5,北京,m98986,女性,不好不好不好白花钱
1034993779,2018-08-12 18:58,4.5,长沙,waJ339242058,女性,人性，人性，人性
1035003136,2018-08-12 18:58,3.5,六盘水,我嘞个XXX,女性,一般一般一把
1034993768,2018-08-12 18:57,5.0,宜昌,风花雪月JS,女性,剧情十足，人性揭露的玲离尽致，十分推荐
1035003128,2018-08-12 18:57,5.0,吉林,Vkh339068187,女性,一部非常好的电影
1035003127,2018-08-12 18:57,3.0,邯郸,素心婉婉,女性,期望值太高了，挺失望的。全篇强行搞笑，剧情也很一般，冲着黄渤去的，以后还是冲导演和剧情去看电影好了。看完并没有想要让人去回味或者讨论的冲动，挺失望的。两星给演员，一星给剧情
1034996434,2018-08-12 18:57,4.0,佛山,CtP838326933,女性,喜剧成分一般，人物性格变化描写得当，主要是演技过关了
1035000026,2018-08-12 18:57,0.5,保定,杨桃爱上牛油果＊,女性,简直是一出烂戏   巨无聊  🌚🌚
1034940055,2018-08-12 18:57,4.0,温岭,吃货团长2012,男性,比起盗墓版的爱情公寓，这部黄勃的处女座强太多了，现实的社会，人性的贪婪，对于生命的追求！拍的很到位！总感觉这部片的片名取得不好
1035003123,2018-08-12 18:57,4.5,海门,hmhuanglijun,男性,不错！黄渤没让人失望！
1034993763,2018-08-12 18:57,4.0,武汉,qzuser,男性,8.5吧，黑暗的地方在重点会更好，比西红柿好些。
1035003111,2018-08-12 18:57,3.0,永康,13858915989,女性,真的不好看，因为黄渤，和有这么高的票房才去看，这些评论，不靠谱
1035000020,2018-08-12 18:57,3.0,乌鲁木齐,oTl648099817,女性,还行，不太搞笑
1034993757,2018-08-12 18:57,5.0,西安,清风抚兴,女性,朋友都说想不到是黄渤第一次导演，可见真的很棒，还有老张的演技真的是进步太大了！！！后面的彩蛋也很惊喜了
1034996427,2018-08-12 18:57,5.0,南昌,kirsten556,女性,除了搞笑还有对人性的解读，很棒的一部电影！
1034993753,2018-08-12 18:57,5.0,太原,娜娜1312,女性,电影不错，很有感触
1035002489,2018-08-12 18:57,5.0,攀枝花,清梦扰ic,女性,这部电影呢反应出了一些社会上的问题，人心的复杂与多变，而且演员都演技在线！！😃为每位老师疯狂打电话！！👍
1035003099,2018-08-12 18:57,2.0,芜湖,白菜白o_O,女性,一般知道要表达的很多，但故事没讲好
1034993000,2018-08-12 18:57,4.5,威海,zhaosanqiu,女性,画面很漂亮，故事还稍有欠缺，张艺兴表现惊艳，渤哥不遗余力提携张艺兴啊，极挑兄弟情感人。可惜没有等到彩蛋，有点遗憾，期待渤哥下次更好的作品
1034996405,2018-08-12 18:57,4.0,新乡,hUM429930736,女性,希望给人力量 绝望更给人力量
1033883884,2018-08-12 18:57,5.0,即墨,GPI524277602,男性,好真的好，又有深刻意义，又有很多笑点
1034992983,2018-08-12 18:57,5.0,合肥,暖心人暖心人,男性,很不错的一部剧！！！
1034996346,2018-08-12 18:57,5.0,上海,BbW350603064,女性,这部电影太棒了 舒淇还是那么漂亮 黄渤 加油
1035002470,2018-08-12 18:57,5.0,马鞍山,小阿美阿！,女性,好看！！！！
1035002462,2018-08-12 18:57,5.0,安康,来呀，开吃呀！,男性,从未写过影评，但是一出好戏必须来一个了。故事开头笑点很多，越到后来越体现人性。在荒岛上度过的一百多天，主要人物的心理变化很明显很让人深思，尤其最后小兴发现世界没毁灭，骗取了张老板的资产，又使得别人被发疯，看这一段我感到恐怖，人性是这么脆弱易变的东西。电影非常棒！非常成功！
1034887039,2018-08-12 18:56,0.5,南通,给我一只兰州806,男性,虽然想拍出哲理片，但真不好看！
1034992968,2018-08-12 18:56,4.0,张家港,棒棒糖小趴,女性,細看影評吧～
1034808916,2018-08-12 18:56,5.0,盐城,VHq601891047,女性,值得观看，小绵羊的演技提高了很多！每个演员都很棒！
1034996382,2018-08-12 18:56,5.0,孝感,Mwp182146365,女性,挺期待黄渤的这场电影的，还不错
1034999994,2018-08-12 18:56,4.5,上海,feinisiya88,女性,值得深思的内容
1034993707,2018-08-12 18:56,5.0,厦门,YANGYING199504,女性,"看了一部个人认为2018以来最好看的电影，极具有教育意义，人性，能力的碰撞。
资本家之所以为资本家，是因为脑子就是资本。所有唏嘘自己没有含着金汤匙出生的人，敢问如果此刻所有人从零开始，是否有信心自己有能力绝地反击。
Stay foolish stay hungry, please."
1034992949,2018-08-12 18:56,5.0,成都,Wne282517344,女性,很好看，主角虽然在最后时刻作出了正确的选择，但这也表示人性的光辉。
1034996364,2018-08-12 18:56,5.0,北京,UVi696075135,女性,"真是永恒。
情意无价。"
1034993696,2018-08-12 18:56,4.5,重庆,顽强小子,男性,还可以，挺搞笑的。
1034992941,2018-08-12 18:56,4.5,贵阳,采泪诗人,女性,不错不错不错
1034999932,2018-08-12 18:56,5.0,成都,PUR906455751,女性,挺好看的  教育加搞笑
1035002366,2018-08-12 18:56,0.5,北京,江南斯代噢,男性,1分是给影院的，美团买的票，没有评价影院的入口，评价在美团被屏蔽了，影院的幕布下延比第一排的头还高，幕布与第一排也就两米的距离，不负责任的影院，第一排用户全程扫兴。这个题材国产片并不擅长，黄渤导的比同类型其他国产片要好一些，希望继续发挥
1034916461,2018-08-12 18:56,5.0,北京,拘谨青春,女性,整个电影的基调还挺恐怖的，我看的还有点害怕😱这里面展示的人性很明显，就不多说了，电影拍摄上也是很有想法，总之渤哥出品，必属精品，作为粉丝也真的想说艺兴的演技有了很大的提升角色转换也让人意想不到，整个表演可圈可点，还有最后一定要看彩蛋呀！
1034992804,2018-08-12 18:56,5.0,襄阳,RyG18271280711,女性,只要有小兴，必须全10分
1035002352,2018-08-12 18:56,4.0,佛山,blank7372,女性,和自己想的不一样
1035002343,2018-08-12 18:55,5.0,安丘,jj1030zj,女性,电影很好看，喜欢
1034993664,2018-08-12 18:55,0.5,凯里,Ycs376366097,女性,垃圾中的战斗机
1035002339,2018-08-12 18:55,5.0,鞍山,拿皮搋子的越狱兔,男性,你以为是喜剧片，实际是惊悚片；你以为是惊悚片，实际是伦理片。故事情节引人深思，一部讲述人性的故事。
1034996342,2018-08-12 18:55,5.0,长治,丿丶人走茶未凉,男性,"影评来了:
    首先是一出好戏，果然是一出好戏，电影非常不错，强烈推荐！！！
     整部电影反应不同社会人群的人性善恶转变，最终结局很完美！
      最喜欢里面的一句话，也最实在，有钱的越有钱，没钱的越穷[捂脸][捂脸][捂脸][捂脸][捂脸]
       最后还是推荐大家看一看，真心不错[奸笑][奸笑][奸笑]"
1034996338,2018-08-12 18:55,5.0,烟台,就叫你莫邪吧丷,女性,好看不错好看不错
1035002327,2018-08-12 18:55,4.0,日照,碎碎碎影,男性,八分吧，有些笑点很牵强，并不影响电影的精彩。八分吧。黄导诚意之作。
1034993656,2018-08-12 18:55,4.0,银川,小青,女性,一坨*冻住了没人咬破就是冰激凌，化了就成了一坨*，现实社会的写照
1034992910,2018-08-12 18:55,4.0,北京,袁806,女性,还行吧，可以看
1034999872,2018-08-12 18:55,3.5,北京,yDl837081528,男性,剧情有点儿拖啊
1034999851,2018-08-12 18:55,3.5,耒阳,IiL276023797,女性,挺好的 感觉很励志 
1034999847,2018-08-12 18:55,2.5,合肥,YINYIYAO,女性,缺乏代入感 让人无法沉浸其中
1034993636,2018-08-12 18:55,4.0,济宁,JZF691245924,女性,还行吧 个人感觉有点无聊。
1035002294,2018-08-12 18:55,4.0,西安,oXI427579427,女性,讨厌舒淇……
1035002280,2018-08-12 18:55,4.0,肇庆,浮生若梦8983,男性,一部非常好看的电影
1034996315,2018-08-12 18:55,5.0,连云港,DfV369433260,女性,挺不错的   给人鼓励
1034999828,2018-08-12 18:55,4.5,沈阳,C^_^c,男性,很好  希望再出好的作品
1034996304,2018-08-12 18:55,0.5,深圳,口口189,男性,演员：某综艺节目的原版人马；特效：九流特效；剧情：瞎洁宝编....自己发挥想象；口碑：水军死命吹；符合烂片所有标准！奇怪的是网上口碑飙升......大众口味真心看不懂！只能感叹我朝水军太牛！粗制滥造..... 粗制滥造.... 粗制滥造.... 粗制滥造.... 粗制滥造.... 粗制滥造....
1034993605,2018-08-12 18:55,5.0,沭阳,LxG957793184,男性,很好看，也感人
1034996295,2018-08-12 18:55,5.0,辽源,男孩7050,男性,真的很好看，黄渤 不仅仅是影帝。
1034992869,2018-08-12 18:55,2.5,北京,疲惫的奔跑,女性,电影想表达的太多，看的有点难受
1034993595,2018-08-12 18:55,4.0,淮安,PIPPEN33,女性,第一次看的似是而非，比较深奥，值得回味
1034992867,2018-08-12 18:55,5.0,哈尔滨,舍得78423,男性,"这的不错，值得一看
"
1034993594,2018-08-12 18:54,5.0,海宁,sWU227182494,女性,赞，黄渤导演的一出好戏真赞
1035002225,2018-08-12 18:54,4.0,乌鲁木齐,瓦坎达国王黑豹,男性,剧情够狠，黄渤终于追上了舒淇
1034992866,2018-08-12 18:54,5.0,禹州,一个尚,女性,打国际长途电话
1034996288,2018-08-12 18:54,5.0,东莞,俊俊6728,女性,倾情演绎，真实！
1034999771,2018-08-12 18:54,4.0,杭州,阿九有颗牛皮糖,女性,王宝强太用力
1034999768,2018-08-12 18:54,4.0,长沙,铁甲洪流103,男性,电影制作够走心，但是有些剧情太牵强，在细节制作和剧情的合理性上可以再用点心
1034992855,2018-08-12 18:54,2.5,深圳,FtF521106524,女性,非常非常一般吧
1034999755,2018-08-12 18:54,5.0,三河,jlB438545683,女性,不错，有看点，有深度
1035002202,2018-08-12 18:54,5.0,北京,OtK517443703,男性,你还相信爱情吗？
1035002182,2018-08-12 18:54,4.0,青州,KeT503881043,女性,搞笑极了很好看
1035002177,2018-08-12 18:54,3.5,平顶山,Mrs浩,男性,最后的剧情看不懂什么意思，还需要再来一次
1034999713,2018-08-12 18:54,5.0,鄂州,锲而不舍6688,女性,很值得看的一步电影，值得深思的一部电影，看完由心的为渤哥点赞，比起那些国内知名一线大导我更愿意选择这部电影！无需耗巨资搞大场面吸引眼球，以后再拍电影继续支持！
1034942322,2018-08-12 18:54,2.0,顺德,旋312,女性,不是很好看，有点像荒岛求生，感觉有点无聊，讲述了无论在那里，权利和金钱都是不可避免的
1034999681,2018-08-12 18:54,3.0,湖州,biu、biu、biu,男性,一直很喜欢渤哥，但是这本电影真的让我很失望。
1034992821,2018-08-12 18:54,3.5,南昌,茜茜多喜欢你,女性,怀着一颗激动的心去看……看完之后~整片电影的感觉就是~心累…剧情一路都猜的出来…还是王宝强为这部电影加了分~带了点喜感…
1035002104,2018-08-12 18:54,4.5,沧州,蔡小白丶,女性,仔细看能看出黄渤想讲的东西很多。
1034993562,2018-08-12 18:53,5.0,广州,蓝小球596,女性,搞笑之余，还有有关人性的问题。黄渤很厉害，张艺兴也很棒。
1035002089,2018-08-12 18:53,5.0,宜城,小仙女诶。。,女性,好看好看好看好看
1034993558,2018-08-12 18:53,2.0,成都,QTQ607894397,女性,难看的一B，编剧可以再烂一点吗？
1034999622,2018-08-12 18:53,4.5,延边,IBl919252321,女性,张艺兴的演技炸了
1034993555,2018-08-12 18:53,5.0,南充,hXc255175144,女性,还行吧……6666
1034999605,2018-08-12 18:53,4.5,咸宁,黑色阿照,男性,很不错，看出黄渤很用心。点赞，值得去看。
